{"type":"FeatureCollection","name":"AU_regroupees","crs":{"type":"name","properties":{"name":"urn:ogc:def:crs:OGC:1.3:CRS84"}},"features":[{"type":"Feature","properties":{"code":"200013050","nom":"CC Sauer-Pechelbronn","Agence d'urbanisme":"ADEUS","SCoT":"1","Territoires partagés":0,"Agence d'urbansime - 1":null,"Agence d'urbanisme - 3":null,"epcis":["200013050","200030526","200034270","200034635","200040178","200041283","200041325","200067783","200067841","200067874","200067924","200068112","200068864","200071066","246700306","246700488","246700744","246700777","246700843","246700926","246700959","246700967","246701064","246701080","246701098","246800395"]},"geometry":{"type":"MultiPolygon","coordinates":[[[[7.435,48.218],[7.414,48.225],[7.359,48.245],[7.327,48.244],[7.314,48.264],[7.261,48.253],[7.258,48.24],[7.256,48.236],[7.231,48.227],[7.221,48.214],[7.189,48.21],[7.151,48.192],[7.14,48.194],[7.106,48.194],[7.083,48.177],[7.078,48.171],[7.058,48.138],[7.084,48.129],[7.077,48.109],[7.07,48.106],[7.035,48.115],[7.005,48.108],[7.003,48.07],[6.93,48.104],[6.9,48.096],[6.897,48.102],[6.871,48.107],[6.867,48.107],[6.823,48.14],[6.828,48.151],[6.77,48.176],[6.764,48.199],[6.767,48.203],[6.772,48.207],[6.785,48.215],[6.794,48.223],[6.785,48.238],[6.746,48.24],[6.764,48.249],[6.765,48.251],[6.759,48.259],[6.723,48.26],[6.722,48.269],[6.785,48.286],[6.779,48.296],[6.783,48.317],[6.786,48.319],[6.781,48.33],[6.779,48.333],[6.785,48.343],[6.777,48.369],[6.807,48.371],[6.815,48.395],[6.828,48.416],[6.855,48.433],[6.894,48.419],[6.918,48.435],[6.921,48.439],[6.918,48.441],[6.918,48.463],[6.956,48.484],[6.963,48.479],[6.98,48.493],[7.023,48.504],[7.077,48.516],[7.065,48.524],[7.08,48.537],[7.115,48.537],[7.168,48.528],[7.169,48.529],[7.187,48.537],[7.201,48.553],[7.22,48.556],[7.241,48.574],[7.256,48.589],[7.266,48.592],[7.283,48.643],[7.304,48.66],[7.271,48.663],[7.255,48.673],[7.242,48.692],[7.265,48.701],[7.286,48.732],[7.287,48.731],[7.313,48.767],[7.29,48.786],[7.291,48.794],[7.27,48.803],[7.261,48.797],[7.246,48.81],[7.263,48.819],[7.258,48.822],[7.218,48.828],[7.22,48.819],[7.204,48.827],[7.185,48.85],[7.174,48.842],[7.149,48.845],[7.139,48.817],[7.127,48.801],[7.118,48.799],[7.105,48.797],[7.079,48.786],[7.067,48.799],[7.085,48.812],[7.052,48.815],[7.047,48.821],[7.054,48.836],[7.053,48.847],[7.081,48.847],[7.089,48.848],[7.094,48.863],[7.051,48.859],[7.056,48.865],[6.987,48.891],[6.965,48.905],[6.945,48.935],[6.947,48.935],[6.983,48.942],[6.987,48.95],[6.993,48.961],[7.019,48.958],[7.026,48.956],[7.032,48.956],[7.047,49.0],[7.052,49.009],[7.055,49.031],[7.079,49.05],[7.106,49.045],[7.119,49.037],[7.122,49.023],[7.13,49.005],[7.162,49.002],[7.174,49.006],[7.186,48.994],[7.209,48.98],[7.236,48.988],[7.294,48.972],[7.291,48.967],[7.29,48.956],[7.327,48.943],[7.355,48.954],[7.355,48.955],[7.368,48.954],[7.38,48.951],[7.392,48.953],[7.452,48.968],[7.487,48.95],[7.513,48.943],[7.557,48.936],[7.58,48.962],[7.584,48.966],[7.593,48.984],[7.606,49.02],[7.626,49.034],[7.635,49.054],[7.675,49.045],[7.698,49.05],[7.732,49.044],[7.779,49.058],[7.794,49.066],[7.855,49.036],[7.868,49.033],[7.889,49.049],[7.914,49.041],[7.932,49.058],[8.068,48.999],[8.091,48.989],[8.133,48.981],[8.162,48.978],[8.223,48.976],[8.187,48.945],[8.169,48.925],[8.142,48.896],[8.122,48.865],[8.107,48.828],[8.087,48.802],[8.03,48.787],[8.017,48.763],[7.983,48.761],[7.968,48.73],[7.925,48.69],[7.896,48.667],[7.844,48.645],[7.836,48.633],[7.8,48.583],[7.805,48.513],[7.771,48.492],[7.767,48.464],[7.753,48.434],[7.733,48.398],[7.736,48.362],[7.744,48.34],[7.741,48.323],[7.694,48.302],[7.681,48.258],[7.68,48.254],[7.668,48.224],[7.642,48.204],[7.637,48.196],[7.611,48.168],[7.597,48.134],[7.577,48.12],[7.519,48.128],[7.516,48.133],[7.467,48.143],[7.464,48.158],[7.47,48.16],[7.473,48.182],[7.473,48.198],[7.477,48.204],[7.435,48.218]]]]}},{"type":"Feature","properties":{"code":"200070316","nom":"CC Entre Arroux, Loire et Somme","Agence d'urbanisme":"AUSB","SCoT":"1","Territoires partagés":0,"Agence d'urbansime - 1":null,"Agence d'urbanisme - 3":null,"epcis":["200070316","200070530","200070548","200071884","247100290","247100589","247100639","247103864","247104094"]},"geometry":{"type":"MultiPolygon","coordinates":[[[[4.434,46.314],[4.427,46.303],[4.406,46.296],[4.396,46.275],[4.397,46.267],[4.388,46.248],[4.385,46.247],[4.386,46.226],[4.387,46.22],[4.363,46.2],[4.371,46.184],[4.327,46.185],[4.312,46.171],[4.303,46.174],[4.282,46.157],[4.249,46.167],[4.258,46.185],[4.227,46.178],[4.225,46.178],[4.22,46.185],[4.185,46.19],[4.185,46.18],[4.143,46.176],[4.134,46.177],[4.133,46.177],[4.104,46.199],[4.084,46.191],[4.06,46.189],[4.05,46.181],[4.031,46.172],[3.989,46.17],[3.965,46.203],[3.909,46.208],[3.89,46.214],[3.909,46.261],[3.9,46.276],[3.897,46.293],[3.948,46.303],[3.948,46.306],[4.005,46.328],[3.994,46.328],[3.987,46.351],[3.982,46.385],[3.978,46.398],[3.961,46.398],[3.961,46.425],[3.944,46.438],[3.912,46.426],[3.887,46.458],[3.866,46.446],[3.825,46.465],[3.824,46.475],[3.845,46.513],[3.811,46.521],[3.781,46.528],[3.742,46.539],[3.734,46.554],[3.741,46.56],[3.74,46.576],[3.739,46.584],[3.716,46.631],[3.704,46.645],[3.7,46.652],[3.699,46.655],[3.655,46.688],[3.638,46.707],[3.629,46.75],[3.648,46.743],[3.704,46.747],[3.736,46.753],[3.784,46.736],[3.795,46.702],[3.827,46.704],[3.853,46.725],[3.876,46.732],[3.889,46.728],[3.933,46.742],[3.963,46.766],[3.967,46.766],[4.001,46.779],[4.047,46.778],[4.062,46.792],[4.059,46.816],[4.046,46.831],[4.049,46.838],[4.101,46.859],[4.075,46.892],[4.045,46.901],[4.037,46.92],[4.045,46.938],[4.056,46.957],[4.041,46.976],[3.996,46.987],[4.037,47.002],[4.059,47.032],[4.074,47.056],[4.039,47.08],[4.055,47.115],[4.093,47.126],[4.114,47.119],[4.116,47.123],[4.168,47.117],[4.185,47.13],[4.182,47.151],[4.21,47.155],[4.242,47.148],[4.252,47.132],[4.26,47.114],[4.299,47.112],[4.302,47.107],[4.349,47.096],[4.344,47.073],[4.399,47.082],[4.416,47.077],[4.406,47.05],[4.471,47.031],[4.499,47.026],[4.505,47.016],[4.555,47.02],[4.565,46.992],[4.568,46.982],[4.574,46.973],[4.596,46.952],[4.615,46.942],[4.607,46.935],[4.608,46.924],[4.63,46.917],[4.631,46.915],[4.637,46.901],[4.647,46.907],[4.667,46.909],[4.666,46.912],[4.685,46.901],[4.713,46.906],[4.719,46.92],[4.728,46.919],[4.734,46.905],[4.739,46.89],[4.815,46.877],[4.82,46.875],[4.821,46.883],[4.816,46.907],[4.809,46.931],[4.816,46.936],[4.871,46.948],[4.891,46.958],[4.915,46.968],[4.952,46.965],[4.955,46.963],[4.935,46.958],[4.945,46.925],[4.978,46.93],[5.008,46.929],[5.007,46.907],[4.994,46.897],[4.965,46.893],[4.963,46.857],[4.964,46.845],[4.952,46.831],[4.947,46.828],[4.921,46.808],[4.948,46.785],[4.966,46.777],[4.965,46.765],[4.956,46.756],[4.925,46.749],[4.909,46.723],[4.926,46.714],[4.943,46.695],[4.944,46.688],[4.934,46.686],[4.902,46.698],[4.875,46.687],[4.868,46.697],[4.816,46.701],[4.814,46.698],[4.779,46.677],[4.765,46.675],[4.768,46.669],[4.779,46.646],[4.734,46.625],[4.709,46.61],[4.71,46.607],[4.702,46.586],[4.694,46.589],[4.686,46.585],[4.652,46.599],[4.611,46.599],[4.613,46.604],[4.585,46.632],[4.578,46.637],[4.558,46.639],[4.522,46.625],[4.525,46.599],[4.522,46.59],[4.507,46.588],[4.485,46.55],[4.47,46.548],[4.447,46.562],[4.412,46.546],[4.408,46.533],[4.404,46.523],[4.414,46.514],[4.431,46.491],[4.461,46.51],[4.48,46.498],[4.484,46.493],[4.47,46.469],[4.476,46.465],[4.498,46.454],[4.477,46.416],[4.429,46.428],[4.414,46.406],[4.41,46.375],[4.411,46.375],[4.378,46.35],[4.402,46.312],[4.434,46.314]]]]}},{"type":"Feature","properties":{"code":"200040947","nom":"CC de Flandre Intérieure","Agence d'urbanisme":"AUD","SCoT":"0","Territoires partagés":0,"Agence d'urbansime - 1":null,"Agence d'urbanisme - 3":null,"epcis":["200040947","200069037","245900758","246201016"]},"geometry":{"type":"MultiPolygon","coordinates":[[[[2.564,50.625],[2.532,50.643],[2.506,50.634],[2.473,50.639],[2.468,50.634],[2.421,50.628],[2.39,50.623],[2.366,50.626],[2.339,50.628],[2.298,50.61],[2.301,50.607],[2.324,50.58],[2.319,50.565],[2.326,50.546],[2.334,50.536],[2.323,50.52],[2.293,50.509],[2.279,50.514],[2.267,50.521],[2.262,50.519],[2.236,50.534],[2.214,50.534],[2.2,50.544],[2.192,50.549],[2.206,50.555],[2.192,50.563],[2.158,50.562],[2.152,50.566],[2.151,50.566],[2.131,50.557],[2.096,50.552],[2.095,50.555],[2.077,50.551],[2.042,50.577],[2.035,50.599],[2.02,50.595],[2.007,50.602],[2.028,50.613],[2.003,50.637],[1.996,50.639],[1.968,50.631],[1.94,50.644],[1.951,50.651],[1.942,50.656],[1.964,50.679],[1.974,50.686],[1.983,50.695],[1.968,50.715],[1.966,50.719],[1.91,50.717],[1.911,50.724],[1.9,50.731],[1.894,50.737],[1.928,50.762],[1.946,50.758],[1.944,50.77],[1.956,50.772],[1.966,50.799],[1.983,50.807],[2.002,50.809],[2.03,50.822],[2.033,50.821],[2.055,50.833],[2.074,50.822],[2.092,50.827],[2.105,50.816],[2.129,50.818],[2.14,50.844],[2.202,50.843],[2.208,50.838],[2.211,50.82],[2.213,50.811],[2.227,50.808],[2.243,50.797],[2.256,50.788],[2.289,50.777],[2.313,50.787],[2.317,50.793],[2.317,50.8],[2.316,50.818],[2.328,50.817],[2.332,50.84],[2.384,50.852],[2.392,50.856],[2.424,50.864],[2.451,50.848],[2.453,50.852],[2.476,50.832],[2.488,50.836],[2.519,50.864],[2.531,50.848],[2.55,50.872],[2.57,50.898],[2.605,50.907],[2.607,50.873],[2.599,50.853],[2.617,50.848],[2.635,50.813],[2.662,50.816],[2.718,50.813],[2.738,50.781],[2.754,50.775],[2.789,50.729],[2.814,50.717],[2.848,50.723],[2.87,50.703],[2.856,50.686],[2.81,50.671],[2.809,50.669],[2.821,50.661],[2.845,50.652],[2.87,50.631],[2.862,50.628],[2.831,50.62],[2.829,50.619],[2.792,50.586],[2.769,50.583],[2.751,50.607],[2.726,50.614],[2.718,50.598],[2.699,50.599],[2.655,50.59],[2.644,50.586],[2.637,50.598],[2.631,50.618],[2.593,50.632],[2.585,50.637],[2.564,50.625]]]]}},{"type":"Feature","properties":{"code":"249740077","nom":"CA CIVIS (Communauté Intercommunale des Villes Solidaires)","Agence d'urbanisme":"AGORAH","SCoT":"0","Territoires partagés":0,"Agence d'urbansime - 1":null,"Agence d'urbanisme - 3":null,"epcis":[]},"geometry":{"type":"MultiPolygon","coordinates":[[[[55.809,-21.331],[55.781,-21.362],[55.7,-21.376],[55.68,-21.375],[55.649,-21.389],[55.61,-21.387],[55.583,-21.372],[55.572,-21.376],[55.536,-21.363],[55.46,-21.341],[55.43,-21.326],[55.404,-21.304],[55.391,-21.293],[55.339,-21.281],[55.322,-21.253],[55.321,-21.249],[55.294,-21.231],[55.281,-21.202],[55.287,-21.161],[55.271,-21.136],[55.254,-21.11],[55.221,-21.076],[55.217,-21.04],[55.235,-21.018],[55.274,-21.004],[55.282,-20.97],[55.277,-20.958],[55.288,-20.933],[55.33,-20.928],[55.376,-20.896],[55.396,-20.882],[55.452,-20.872],[55.47,-20.884],[55.502,-20.882],[55.546,-20.895],[55.575,-20.895],[55.629,-20.911],[55.665,-20.925],[55.683,-20.945],[55.7,-20.979],[55.701,-21.005],[55.708,-21.028],[55.732,-21.051],[55.737,-21.07],[55.767,-21.104],[55.78,-21.122],[55.827,-21.145],[55.837,-21.183],[55.809,-21.227],[55.804,-21.252],[55.809,-21.331]]]]}},{"type":"Feature","properties":{"code":"200017846","nom":"CA Etampois Sud Essonne","Agence d'urbanisme":"IPR","SCoT":"0","Territoires partagés":0,"Agence d'urbansime - 1":null,"Agence d'urbanisme - 3":null,"epcis":["200017846","200023125","200033090","200033173","200034130","200035970","200037133","200040251","200054781","200055655","200056232","200056380","200057859","200057958","200058477","200058485","200058519","200058782","200059228","200059889","200070779","200071074","200072130","200072346","200072544","200072874","200073013","200073344","200090504","247700032","247700057","247700065","247700107","247700339","247700594","247700644","247700701","247800550","247800584","247800618","249100074","249100157","249100546","249100553","249100595","249500109","249500430","249500455","249500489","249500513"]},"geometry":{"type":"MultiPolygon","coordinates":[[[[1.88,48.441],[1.861,48.444],[1.839,48.458],[1.811,48.466],[1.797,48.485],[1.776,48.528],[1.788,48.554],[1.778,48.553],[1.748,48.576],[1.709,48.578],[1.702,48.585],[1.718,48.607],[1.689,48.612],[1.691,48.617],[1.667,48.613],[1.649,48.632],[1.651,48.638],[1.643,48.651],[1.608,48.66],[1.603,48.663],[1.606,48.679],[1.611,48.688],[1.582,48.696],[1.595,48.709],[1.59,48.713],[1.555,48.703],[1.534,48.704],[1.508,48.726],[1.518,48.734],[1.544,48.737],[1.555,48.756],[1.526,48.772],[1.525,48.777],[1.512,48.782],[1.537,48.797],[1.527,48.821],[1.577,48.845],[1.572,48.864],[1.559,48.864],[1.546,48.872],[1.563,48.89],[1.538,48.907],[1.542,48.916],[1.54,48.919],[1.514,48.922],[1.501,48.941],[1.511,48.954],[1.518,48.978],[1.508,48.984],[1.471,48.975],[1.461,48.989],[1.48,49.005],[1.474,49.01],[1.472,49.019],[1.458,49.026],[1.447,49.054],[1.503,49.059],[1.51,49.084],[1.521,49.068],[1.547,49.072],[1.572,49.077],[1.594,49.083],[1.609,49.078],[1.623,49.086],[1.627,49.105],[1.656,49.131],[1.664,49.154],[1.672,49.181],[1.671,49.19],[1.675,49.204],[1.704,49.232],[1.74,49.224],[1.716,49.203],[1.726,49.194],[1.742,49.18],[1.776,49.185],[1.777,49.185],[1.794,49.18],[1.797,49.185],[1.834,49.165],[1.849,49.171],[1.873,49.174],[1.876,49.175],[1.883,49.163],[1.934,49.174],[1.962,49.175],[1.974,49.184],[1.999,49.175],[2.022,49.189],[2.038,49.192],[2.081,49.211],[2.095,49.19],[2.152,49.184],[2.158,49.173],[2.164,49.166],[2.176,49.176],[2.187,49.173],[2.22,49.18],[2.217,49.154],[2.241,49.152],[2.262,49.158],[2.286,49.16],[2.301,49.184],[2.31,49.185],[2.322,49.184],[2.359,49.147],[2.373,49.159],[2.391,49.149],[2.441,49.146],[2.439,49.142],[2.435,49.134],[2.461,49.137],[2.478,49.131],[2.499,49.122],[2.49,49.106],[2.531,49.099],[2.542,49.122],[2.56,49.098],[2.573,49.094],[2.58,49.09],[2.583,49.081],[2.59,49.08],[2.61,49.095],[2.619,49.095],[2.633,49.109],[2.678,49.086],[2.691,49.071],[2.703,49.065],[2.724,49.081],[2.735,49.061],[2.761,49.063],[2.769,49.083],[2.784,49.089],[2.792,49.09],[2.809,49.098],[2.845,49.085],[2.856,49.07],[2.895,49.077],[2.901,49.085],[2.937,49.079],[2.946,49.088],[2.971,49.089],[2.975,49.075],[2.988,49.072],[3.004,49.089],[3.034,49.089],[3.066,49.085],[3.056,49.102],[3.072,49.118],[3.114,49.107],[3.124,49.107],[3.165,49.1],[3.159,49.08],[3.182,49.062],[3.181,49.056],[3.19,49.047],[3.163,49.02],[3.199,49.006],[3.209,48.994],[3.225,48.988],[3.229,48.989],[3.231,48.977],[3.255,48.962],[3.263,48.949],[3.262,48.948],[3.26,48.945],[3.265,48.939],[3.278,48.94],[3.304,48.949],[3.313,48.921],[3.33,48.909],[3.367,48.928],[3.369,48.894],[3.406,48.876],[3.4,48.866],[3.452,48.856],[3.446,48.843],[3.463,48.837],[3.485,48.852],[3.487,48.815],[3.481,48.812],[3.475,48.819],[3.441,48.811],[3.416,48.818],[3.411,48.804],[3.443,48.788],[3.409,48.784],[3.399,48.755],[3.437,48.753],[3.467,48.739],[3.467,48.729],[3.467,48.723],[3.478,48.698],[3.443,48.672],[3.446,48.667],[3.452,48.634],[3.489,48.647],[3.534,48.647],[3.556,48.62],[3.503,48.605],[3.516,48.59],[3.485,48.58],[3.469,48.573],[3.465,48.57],[3.482,48.541],[3.451,48.529],[3.414,48.533],[3.405,48.528],[3.435,48.49],[3.404,48.486],[3.384,48.478],[3.406,48.453],[3.397,48.435],[3.412,48.421],[3.421,48.409],[3.415,48.39],[3.376,48.399],[3.357,48.379],[3.336,48.373],[3.33,48.372],[3.311,48.373],[3.283,48.382],[3.272,48.379],[3.251,48.365],[3.226,48.37],[3.214,48.367],[3.204,48.364],[3.185,48.368],[3.172,48.377],[3.14,48.373],[3.122,48.369],[3.103,48.349],[3.1,48.352],[3.066,48.358],[3.05,48.36],[3.043,48.332],[3.015,48.307],[3.027,48.301],[3.03,48.286],[3.025,48.276],[3.047,48.25],[3.013,48.222],[2.989,48.209],[2.982,48.22],[2.921,48.235],[2.929,48.271],[2.92,48.274],[2.884,48.253],[2.856,48.221],[2.862,48.217],[2.826,48.202],[2.795,48.222],[2.809,48.24],[2.775,48.248],[2.752,48.264],[2.752,48.276],[2.738,48.294],[2.742,48.295],[2.719,48.314],[2.724,48.322],[2.674,48.331],[2.671,48.329],[2.617,48.325],[2.615,48.318],[2.556,48.297],[2.523,48.314],[2.503,48.287],[2.474,48.295],[2.459,48.314],[2.456,48.322],[2.434,48.334],[2.392,48.336],[2.403,48.321],[2.358,48.309],[2.329,48.333],[2.317,48.332],[2.296,48.308],[2.269,48.315],[2.255,48.301],[2.245,48.298],[2.238,48.316],[2.246,48.33],[2.207,48.345],[2.182,48.313],[2.171,48.315],[2.169,48.313],[2.154,48.308],[2.162,48.303],[2.162,48.298],[2.11,48.297],[2.053,48.295],[2.051,48.29],[1.994,48.287],[1.962,48.303],[1.959,48.309],[1.982,48.328],[1.97,48.339],[1.988,48.364],[1.967,48.381],[1.977,48.4],[1.962,48.404],[1.93,48.404],[1.926,48.413],[1.943,48.441],[1.93,48.454],[1.922,48.458],[1.884,48.44],[1.88,48.441]]]]}},{"type":"Feature","properties":{"code":"200067635","nom":"CA Clisson Sèvre et Maine Agglo","Agence d'urbanisme":"AURAN","SCoT":"0","Territoires partagés":0,"Agence d'urbansime - 1":"","Agence d'urbanisme - 3":null,"epcis":["200067635","200067866","200071546","200072882","244400438","244400537","244400552","248500589"]},"geometry":{"type":"MultiPolygon","coordinates":[[[[-1.503,46.599],[-1.518,46.601],[-1.531,46.627],[-1.553,46.641],[-1.585,46.637],[-1.605,46.661],[-1.597,46.676],[-1.595,46.716],[-1.638,46.71],[-1.663,46.69],[-1.669,46.69],[-1.694,46.708],[-1.715,46.731],[-1.743,46.724],[-1.789,46.747],[-1.769,46.77],[-1.782,46.781],[-1.763,46.796],[-1.731,46.785],[-1.7,46.798],[-1.681,46.835],[-1.737,46.843],[-1.744,46.869],[-1.73,46.888],[-1.736,46.911],[-1.746,46.919],[-1.75,46.93],[-1.832,46.932],[-1.825,46.948],[-1.898,46.962],[-1.917,46.992],[-1.835,47.011],[-1.82,47.045],[-1.794,47.064],[-1.788,47.092],[-1.759,47.104],[-1.726,47.126],[-1.703,47.133],[-1.698,47.132],[-1.662,47.125],[-1.642,47.102],[-1.609,47.116],[-1.576,47.152],[-1.558,47.156],[-1.548,47.149],[-1.529,47.117],[-1.493,47.132],[-1.477,47.118],[-1.456,47.121],[-1.44,47.145],[-1.437,47.154],[-1.414,47.181],[-1.446,47.185],[-1.441,47.219],[-1.461,47.242],[-1.444,47.254],[-1.402,47.282],[-1.396,47.285],[-1.36,47.302],[-1.4,47.321],[-1.403,47.344],[-1.388,47.362],[-1.43,47.379],[-1.416,47.401],[-1.428,47.43],[-1.39,47.43],[-1.354,47.44],[-1.364,47.452],[-1.399,47.46],[-1.4,47.478],[-1.445,47.483],[-1.464,47.473],[-1.473,47.501],[-1.508,47.503],[-1.584,47.451],[-1.63,47.46],[-1.66,47.453],[-1.65,47.486],[-1.655,47.498],[-1.68,47.499],[-1.732,47.501],[-1.752,47.5],[-1.741,47.521],[-1.741,47.576],[-1.713,47.567],[-1.672,47.575],[-1.653,47.602],[-1.559,47.604],[-1.55,47.638],[-1.506,47.634],[-1.497,47.607],[-1.505,47.591],[-1.437,47.586],[-1.421,47.572],[-1.434,47.545],[-1.374,47.538],[-1.356,47.559],[-1.296,47.549],[-1.274,47.552],[-1.253,47.583],[-1.243,47.597],[-1.189,47.588],[-1.173,47.613],[-1.138,47.619],[-1.124,47.619],[-1.059,47.601],[-1.025,47.599],[-1.033,47.572],[-1.039,47.549],[-1.044,47.506],[-1.013,47.489],[-0.966,47.492],[-0.959,47.481],[-0.948,47.423],[-0.923,47.427],[-0.916,47.402],[-0.947,47.387],[-0.968,47.377],[-1.041,47.365],[-1.064,47.37],[-1.102,47.367],[-1.114,47.368],[-1.169,47.365],[-1.184,47.354],[-1.228,47.35],[-1.307,47.334],[-1.354,47.304],[-1.282,47.296],[-1.276,47.27],[-1.254,47.25],[-1.231,47.24],[-1.207,47.253],[-1.181,47.241],[-1.189,47.22],[-1.18,47.207],[-1.162,47.186],[-1.17,47.171],[-1.188,47.158],[-1.238,47.135],[-1.232,47.11],[-1.249,47.098],[-1.179,47.095],[-1.162,47.08],[-1.115,47.061],[-1.117,47.04],[-1.148,47.029],[-1.201,47.04],[-1.21,47.05],[-1.217,47.054],[-1.273,47.083],[-1.291,47.07],[-1.287,47.058],[-1.299,47.035],[-1.346,47.046],[-1.379,47.031],[-1.365,47.007],[-1.359,46.981],[-1.373,46.952],[-1.413,46.945],[-1.462,46.927],[-1.472,46.934],[-1.459,46.956],[-1.477,46.981],[-1.463,46.997],[-1.481,47.035],[-1.496,47.042],[-1.5,47.041],[-1.555,47.015],[-1.551,46.991],[-1.543,46.962],[-1.52,46.941],[-1.546,46.926],[-1.501,46.883],[-1.485,46.893],[-1.434,46.871],[-1.392,46.869],[-1.381,46.859],[-1.343,46.835],[-1.33,46.809],[-1.325,46.806],[-1.32,46.785],[-1.337,46.779],[-1.323,46.751],[-1.295,46.745],[-1.265,46.725],[-1.267,46.714],[-1.224,46.696],[-1.201,46.689],[-1.196,46.679],[-1.218,46.668],[-1.204,46.641],[-1.196,46.624],[-1.207,46.592],[-1.236,46.602],[-1.273,46.583],[-1.305,46.587],[-1.33,46.577],[-1.306,46.557],[-1.331,46.541],[-1.334,46.536],[-1.39,46.541],[-1.391,46.541],[-1.393,46.555],[-1.444,46.594],[-1.457,46.57],[-1.485,46.566],[-1.503,46.599]]]]}},{"type":"Feature","properties":{"code":"200018083","nom":"CC Ωde Desvres-Samer","Agence d'urbanisme":"Boulogne / Mer","SCoT":"0","Territoires partagés":0,"Agence d'urbansime - 1":null,"Agence d'urbanisme - 3":null,"epcis":["200018083","246200380","246200729"]},"geometry":{"type":"MultiPolygon","coordinates":[[[[1.849,50.763],[1.858,50.759],[1.861,50.755],[1.867,50.751],[1.878,50.751],[1.879,50.738],[1.894,50.737],[1.9,50.731],[1.911,50.724],[1.91,50.717],[1.966,50.719],[1.968,50.715],[1.983,50.695],[1.974,50.686],[1.964,50.679],[1.942,50.656],[1.951,50.651],[1.94,50.644],[1.93,50.645],[1.921,50.647],[1.902,50.65],[1.885,50.652],[1.883,50.635],[1.888,50.632],[1.865,50.622],[1.83,50.603],[1.79,50.614],[1.768,50.592],[1.73,50.595],[1.713,50.591],[1.7,50.595],[1.693,50.591],[1.665,50.593],[1.641,50.594],[1.63,50.582],[1.578,50.581],[1.579,50.607],[1.578,50.64],[1.571,50.664],[1.563,50.692],[1.579,50.728],[1.594,50.751],[1.607,50.771],[1.602,50.804],[1.595,50.817],[1.589,50.832],[1.582,50.871],[1.613,50.872],[1.635,50.876],[1.693,50.916],[1.715,50.899],[1.736,50.891],[1.739,50.888],[1.764,50.879],[1.77,50.863],[1.8,50.857],[1.786,50.835],[1.806,50.832],[1.795,50.82],[1.807,50.811],[1.821,50.783],[1.789,50.766],[1.799,50.762],[1.849,50.763]]]]}},{"type":"Feature","properties":{"code":"200044030","nom":"CC des 7 Vallées","Agence d'urbanisme":"AULA","SCoT":"0","Territoires partagés":0,"Agence d'urbansime - 1":null,"Agence d'urbanisme - 3":null,"epcis":["200044030","200069672","200072460","246200299","246200364"]},"geometry":{"type":"MultiPolygon","coordinates":[[[[2.086,50.201],[2.083,50.217],[2.069,50.227],[2.069,50.233],[2.063,50.235],[2.042,50.233],[2.042,50.247],[2.038,50.264],[2.026,50.27],[2.003,50.271],[1.994,50.276],[1.96,50.291],[1.946,50.288],[1.935,50.302],[1.964,50.318],[1.946,50.332],[1.899,50.313],[1.893,50.318],[1.876,50.323],[1.852,50.341],[1.852,50.343],[1.822,50.35],[1.805,50.36],[1.792,50.359],[1.762,50.362],[1.752,50.368],[1.765,50.388],[1.754,50.391],[1.757,50.416],[1.794,50.428],[1.812,50.427],[1.82,50.453],[1.798,50.46],[1.799,50.463],[1.821,50.476],[1.829,50.488],[1.831,50.489],[1.834,50.499],[1.838,50.5],[1.854,50.502],[1.874,50.513],[1.892,50.513],[1.9,50.485],[1.928,50.486],[1.929,50.484],[1.939,50.486],[1.962,50.479],[1.968,50.479],[1.952,50.466],[1.972,50.446],[1.982,50.44],[1.996,50.442],[2.0,50.445],[2.042,50.428],[2.07,50.427],[2.083,50.437],[2.085,50.439],[2.088,50.448],[2.108,50.472],[2.114,50.476],[2.138,50.478],[2.146,50.477],[2.156,50.478],[2.164,50.475],[2.156,50.46],[2.159,50.455],[2.186,50.459],[2.189,50.457],[2.228,50.467],[2.221,50.484],[2.21,50.489],[2.193,50.498],[2.195,50.523],[2.214,50.534],[2.236,50.534],[2.262,50.519],[2.267,50.521],[2.279,50.514],[2.293,50.509],[2.323,50.52],[2.334,50.536],[2.326,50.546],[2.319,50.565],[2.324,50.58],[2.301,50.607],[2.298,50.61],[2.339,50.628],[2.366,50.626],[2.39,50.623],[2.421,50.628],[2.468,50.634],[2.473,50.639],[2.506,50.634],[2.532,50.643],[2.564,50.625],[2.585,50.637],[2.593,50.632],[2.631,50.618],[2.637,50.598],[2.644,50.586],[2.655,50.59],[2.699,50.599],[2.718,50.598],[2.726,50.614],[2.751,50.607],[2.769,50.583],[2.792,50.586],[2.789,50.583],[2.808,50.579],[2.813,50.55],[2.794,50.549],[2.799,50.529],[2.804,50.527],[2.812,50.529],[2.853,50.529],[2.862,50.53],[2.882,50.536],[2.887,50.538],[2.887,50.533],[2.882,50.508],[2.905,50.504],[2.91,50.5],[2.927,50.508],[2.951,50.512],[2.965,50.513],[2.994,50.497],[3.008,50.493],[3.01,50.49],[3.017,50.473],[3.017,50.468],[3.008,50.456],[3.016,50.442],[3.042,50.445],[3.059,50.456],[3.067,50.459],[3.082,50.444],[3.069,50.426],[3.039,50.423],[3.03,50.412],[2.995,50.4],[2.991,50.402],[2.979,50.404],[2.995,50.383],[2.958,50.377],[2.945,50.381],[2.93,50.379],[2.921,50.368],[2.912,50.364],[2.894,50.379],[2.88,50.376],[2.864,50.381],[2.851,50.381],[2.853,50.378],[2.839,50.37],[2.807,50.363],[2.787,50.367],[2.771,50.377],[2.764,50.38],[2.739,50.372],[2.724,50.366],[2.689,50.367],[2.667,50.362],[2.657,50.368],[2.644,50.386],[2.624,50.392],[2.623,50.389],[2.597,50.392],[2.595,50.388],[2.578,50.383],[2.555,50.387],[2.544,50.396],[2.543,50.396],[2.544,50.4],[2.533,50.412],[2.521,50.414],[2.508,50.411],[2.486,50.418],[2.459,50.416],[2.451,50.407],[2.459,50.388],[2.441,50.389],[2.424,50.373],[2.439,50.356],[2.465,50.36],[2.472,50.343],[2.459,50.333],[2.421,50.336],[2.425,50.313],[2.4,50.309],[2.399,50.308],[2.381,50.311],[2.357,50.303],[2.347,50.295],[2.33,50.287],[2.322,50.245],[2.333,50.239],[2.327,50.213],[2.302,50.213],[2.27,50.229],[2.253,50.215],[2.231,50.211],[2.224,50.217],[2.2,50.215],[2.187,50.21],[2.177,50.208],[2.149,50.191],[2.142,50.203],[2.115,50.203],[2.086,50.201]]]]}},{"type":"Feature","properties":{"code":"200066009","nom":"CA Mulhouse Alsace Agglomération","Agence d'urbanisme":"AURM","SCoT":"0","Territoires partagés":0,"Agence d'urbansime - 1":null,"Agence d'urbanisme - 3":null,"epcis":["200066009","200066058","246800676","246800726"]},"geometry":{"type":"MultiPolygon","coordinates":[[[[7.507,47.545],[7.504,47.543],[7.499,47.535],[7.498,47.521],[7.511,47.497],[7.488,47.482],[7.455,47.489],[7.435,47.498],[7.437,47.508],[7.443,47.51],[7.437,47.523],[7.425,47.524],[7.423,47.527],[7.426,47.545],[7.418,47.554],[7.396,47.554],[7.386,47.568],[7.405,47.577],[7.41,47.59],[7.409,47.59],[7.39,47.61],[7.369,47.609],[7.359,47.614],[7.349,47.614],[7.338,47.617],[7.336,47.62],[7.326,47.634],[7.34,47.642],[7.317,47.656],[7.321,47.668],[7.306,47.672],[7.279,47.688],[7.284,47.696],[7.293,47.702],[7.276,47.72],[7.251,47.722],[7.239,47.714],[7.238,47.71],[7.24,47.695],[7.238,47.691],[7.213,47.695],[7.198,47.712],[7.188,47.723],[7.158,47.699],[7.115,47.71],[7.076,47.706],[7.068,47.715],[7.047,47.721],[7.038,47.722],[7.032,47.726],[7.021,47.735],[7.016,47.744],[6.999,47.746],[6.923,47.772],[6.922,47.772],[6.908,47.778],[6.902,47.777],[6.892,47.779],[6.865,47.785],[6.846,47.823],[6.895,47.833],[6.897,47.835],[6.92,47.85],[6.94,47.851],[6.984,47.843],[6.988,47.842],[6.99,47.835],[7.009,47.821],[7.017,47.822],[7.013,47.796],[7.026,47.779],[7.036,47.769],[7.072,47.762],[7.08,47.764],[7.092,47.762],[7.125,47.752],[7.126,47.751],[7.147,47.747],[7.162,47.737],[7.19,47.731],[7.209,47.735],[7.187,47.748],[7.183,47.769],[7.211,47.774],[7.204,47.81],[7.221,47.82],[7.224,47.829],[7.223,47.83],[7.19,47.85],[7.232,47.857],[7.232,47.858],[7.258,47.875],[7.271,47.872],[7.291,47.876],[7.298,47.895],[7.317,47.901],[7.33,47.877],[7.315,47.856],[7.316,47.836],[7.374,47.832],[7.427,47.834],[7.462,47.825],[7.47,47.836],[7.504,47.842],[7.542,47.836],[7.563,47.852],[7.546,47.813],[7.541,47.803],[7.533,47.767],[7.54,47.755],[7.547,47.728],[7.536,47.715],[7.514,47.703],[7.524,47.661],[7.567,47.632],[7.593,47.599],[7.575,47.576],[7.552,47.563],[7.507,47.545]]],[[[7.349,48.126],[7.349,48.125],[7.368,48.13],[7.391,48.154],[7.39,48.174],[7.408,48.175],[7.443,48.181],[7.464,48.158],[7.467,48.143],[7.516,48.133],[7.519,48.128],[7.512,48.112],[7.495,48.108],[7.49,48.093],[7.468,48.088],[7.468,48.078],[7.459,48.066],[7.469,48.044],[7.472,48.039],[7.47,48.034],[7.43,48.032],[7.409,48.031],[7.425,48.011],[7.464,47.993],[7.449,47.975],[7.406,47.996],[7.371,47.995],[7.346,48.017],[7.343,48.005],[7.323,48.007],[7.303,48.015],[7.295,48.029],[7.348,48.028],[7.35,48.04],[7.307,48.051],[7.255,48.041],[7.242,48.036],[7.236,48.037],[7.225,48.055],[7.182,48.075],[7.186,48.085],[7.196,48.084],[7.219,48.098],[7.231,48.1],[7.251,48.108],[7.278,48.095],[7.288,48.095],[7.302,48.116],[7.329,48.114],[7.332,48.121],[7.349,48.126]]]]}},{"type":"Feature","properties":{"code":"200043081","nom":"CC Chinon, Vienne et Loire","Agence d'urbanisme":"ATU","SCoT":"0","Territoires partagés":0,"Agence d'urbansime - 1":null,"Agence d'urbanisme - 3":null,"epcis":["200043081","200072650","200072981","200073161","200073237","243700754"]},"geometry":{"type":"MultiPolygon","coordinates":[[[[0.08,47.272],[0.089,47.275],[0.078,47.283],[0.117,47.332],[0.147,47.346],[0.14,47.362],[0.154,47.364],[0.183,47.38],[0.153,47.399],[0.185,47.426],[0.181,47.453],[0.199,47.477],[0.22,47.502],[0.225,47.527],[0.199,47.541],[0.215,47.573],[0.234,47.578],[0.23,47.608],[0.259,47.612],[0.277,47.598],[0.322,47.595],[0.339,47.58],[0.378,47.568],[0.402,47.578],[0.395,47.595],[0.365,47.62],[0.383,47.643],[0.396,47.641],[0.432,47.618],[0.462,47.643],[0.498,47.645],[0.559,47.666],[0.558,47.671],[0.597,47.673],[0.615,47.694],[0.654,47.685],[0.675,47.699],[0.712,47.682],[0.699,47.669],[0.73,47.655],[0.738,47.644],[0.737,47.61],[0.729,47.6],[0.713,47.56],[0.688,47.535],[0.686,47.527],[0.72,47.5],[0.734,47.497],[0.754,47.506],[0.799,47.546],[0.816,47.516],[0.833,47.514],[0.847,47.517],[0.869,47.514],[0.916,47.486],[0.928,47.461],[0.919,47.454],[0.917,47.442],[0.87,47.428],[0.87,47.398],[0.893,47.398],[0.898,47.378],[0.862,47.361],[0.88,47.348],[0.869,47.32],[0.846,47.309],[0.889,47.292],[0.863,47.264],[0.818,47.275],[0.819,47.26],[0.835,47.262],[0.828,47.236],[0.775,47.198],[0.751,47.204],[0.69,47.171],[0.709,47.161],[0.71,47.14],[0.647,47.144],[0.658,47.178],[0.613,47.185],[0.559,47.189],[0.564,47.212],[0.527,47.204],[0.497,47.199],[0.477,47.228],[0.437,47.215],[0.397,47.202],[0.394,47.201],[0.366,47.136],[0.332,47.141],[0.318,47.121],[0.305,47.114],[0.291,47.136],[0.255,47.145],[0.242,47.132],[0.238,47.101],[0.244,47.086],[0.235,47.069],[0.208,47.053],[0.176,47.061],[0.201,47.091],[0.182,47.115],[0.162,47.1],[0.135,47.107],[0.141,47.125],[0.105,47.121],[0.084,47.118],[0.078,47.146],[0.054,47.164],[0.067,47.19],[0.054,47.199],[0.075,47.214],[0.072,47.22],[0.08,47.272]]]]}},{"type":"Feature","properties":{"code":"200065647","nom":"CA Pays de Montbéliard Agglomération","Agence d'urbanisme":"ADU","SCoT":"0","Territoires partagés":1,"Agence d'urbansime - 1":"AUTB","Agence d'urbanisme - 3":null,"epcis":["200065647","200068294","242504371","242504447","247000722","247000821"]},"geometry":{"type":"MultiPolygon","coordinates":[[[[6.495,47.285],[6.476,47.279],[6.448,47.271],[6.443,47.271],[6.431,47.273],[6.405,47.254],[6.361,47.267],[6.353,47.263],[6.35,47.255],[6.331,47.25],[6.328,47.252],[6.32,47.243],[6.29,47.251],[6.275,47.25],[6.262,47.27],[6.236,47.278],[6.208,47.253],[6.186,47.275],[6.201,47.285],[6.214,47.29],[6.217,47.293],[6.213,47.306],[6.203,47.314],[6.19,47.313],[6.178,47.317],[6.15,47.318],[6.185,47.341],[6.185,47.344],[6.162,47.362],[6.146,47.352],[6.103,47.361],[6.12,47.369],[6.107,47.377],[6.112,47.379],[6.116,47.393],[6.152,47.386],[6.156,47.39],[6.173,47.398],[6.189,47.406],[6.178,47.407],[6.17,47.412],[6.186,47.414],[6.194,47.418],[6.207,47.431],[6.208,47.429],[6.212,47.426],[6.233,47.414],[6.242,47.411],[6.235,47.431],[6.251,47.425],[6.262,47.437],[6.263,47.445],[6.28,47.444],[6.289,47.448],[6.282,47.452],[6.294,47.466],[6.299,47.483],[6.303,47.492],[6.312,47.488],[6.32,47.488],[6.353,47.505],[6.379,47.512],[6.39,47.506],[6.415,47.52],[6.417,47.521],[6.428,47.517],[6.461,47.512],[6.472,47.487],[6.501,47.51],[6.522,47.497],[6.533,47.506],[6.554,47.49],[6.574,47.496],[6.584,47.51],[6.58,47.526],[6.581,47.529],[6.581,47.544],[6.606,47.537],[6.6,47.559],[6.602,47.594],[6.624,47.601],[6.624,47.613],[6.641,47.622],[6.627,47.636],[6.629,47.639],[6.626,47.64],[6.613,47.656],[6.61,47.657],[6.6,47.667],[6.638,47.681],[6.634,47.692],[6.597,47.694],[6.587,47.698],[6.605,47.724],[6.641,47.74],[6.687,47.737],[6.73,47.766],[6.729,47.772],[6.733,47.778],[6.75,47.788],[6.792,47.824],[6.792,47.83],[6.824,47.813],[6.811,47.794],[6.775,47.767],[6.758,47.748],[6.76,47.739],[6.772,47.713],[6.77,47.703],[6.78,47.69],[6.779,47.676],[6.787,47.652],[6.79,47.648],[6.791,47.627],[6.781,47.625],[6.788,47.605],[6.789,47.605],[6.793,47.599],[6.791,47.596],[6.82,47.575],[6.821,47.574],[6.822,47.573],[6.807,47.563],[6.817,47.548],[6.831,47.546],[6.856,47.548],[6.86,47.548],[6.883,47.556],[6.89,47.55],[6.907,47.542],[6.907,47.527],[6.925,47.52],[6.935,47.518],[6.938,47.517],[6.945,47.513],[6.949,47.486],[6.943,47.485],[6.923,47.5],[6.907,47.495],[6.916,47.478],[6.907,47.473],[6.933,47.456],[6.935,47.447],[6.94,47.433],[6.938,47.406],[6.917,47.405],[6.91,47.396],[6.895,47.382],[6.88,47.353],[6.879,47.35],[6.846,47.361],[6.827,47.361],[6.798,47.366],[6.767,47.364],[6.77,47.338],[6.778,47.327],[6.759,47.333],[6.758,47.347],[6.739,47.342],[6.731,47.337],[6.722,47.338],[6.705,47.33],[6.7,47.314],[6.706,47.291],[6.71,47.29],[6.708,47.282],[6.712,47.272],[6.686,47.27],[6.675,47.257],[6.693,47.227],[6.652,47.211],[6.642,47.206],[6.607,47.2],[6.602,47.199],[6.585,47.215],[6.6,47.233],[6.605,47.239],[6.598,47.241],[6.604,47.257],[6.583,47.273],[6.525,47.265],[6.527,47.277],[6.528,47.283],[6.495,47.285]]]]}},{"type":"Feature","properties":{"code":"200035814","nom":"CA Flers Agglo","Agence d'urbanisme":"AUCAME","SCoT":"1","Territoires partagés":0,"Agence d'urbansime - 1":null,"Agence d'urbanisme - 3":null,"epcis":["200035814","200042604","200042729","200043354","200065563","200065589","200065597","200066389","200066710","200066728","200066801","200066827","200067023","200067205","200068799","200069425","200069516","200069532","200071520","241400415","241400514","241400555","241400860","241400878"]},"geometry":{"type":"MultiPolygon","coordinates":[[[[-1.458,48.674],[-1.506,48.692],[-1.519,48.717],[-1.533,48.731],[-1.556,48.735],[-1.571,48.766],[-1.57,48.788],[-1.573,48.816],[-1.592,48.845],[-1.578,48.862],[-1.572,48.885],[-1.571,48.891],[-1.567,48.91],[-1.56,48.909],[-1.551,48.909],[-1.54,48.932],[-1.562,48.952],[-1.562,48.968],[-1.562,48.981],[-1.558,48.998],[-1.555,48.998],[-1.551,48.998],[-1.554,49.027],[-1.514,49.024],[-1.506,49.02],[-1.542,49.041],[-1.56,49.038],[-1.585,49.004],[-1.605,49.06],[-1.603,49.06],[-1.598,49.06],[-1.611,49.083],[-1.592,49.135],[-1.574,49.112],[-1.545,49.107],[-1.513,49.125],[-1.515,49.136],[-1.511,49.152],[-1.465,49.163],[-1.439,49.159],[-1.431,49.17],[-1.391,49.171],[-1.344,49.145],[-1.344,49.126],[-1.326,49.128],[-1.308,49.141],[-1.288,49.16],[-1.288,49.165],[-1.276,49.201],[-1.259,49.218],[-1.277,49.216],[-1.285,49.223],[-1.311,49.231],[-1.332,49.214],[-1.352,49.224],[-1.365,49.241],[-1.362,49.25],[-1.342,49.274],[-1.364,49.292],[-1.358,49.305],[-1.368,49.318],[-1.372,49.327],[-1.401,49.321],[-1.457,49.337],[-1.46,49.366],[-1.467,49.368],[-1.475,49.367],[-1.479,49.365],[-1.512,49.352],[-1.545,49.348],[-1.577,49.346],[-1.585,49.347],[-1.612,49.35],[-1.639,49.332],[-1.632,49.323],[-1.656,49.305],[-1.693,49.297],[-1.746,49.348],[-1.753,49.353],[-1.761,49.36],[-1.811,49.377],[-1.822,49.416],[-1.823,49.438],[-1.836,49.468],[-1.845,49.494],[-1.86,49.512],[-1.883,49.521],[-1.885,49.541],[-1.858,49.551],[-1.855,49.557],[-1.842,49.573],[-1.842,49.583],[-1.846,49.62],[-1.872,49.657],[-1.941,49.675],[-1.941,49.726],[-1.906,49.722],[-1.883,49.706],[-1.839,49.711],[-1.825,49.691],[-1.705,49.671],[-1.672,49.658],[-1.63,49.66],[-1.619,49.639],[-1.568,49.657],[-1.549,49.654],[-1.531,49.655],[-1.503,49.665],[-1.488,49.668],[-1.478,49.69],[-1.427,49.702],[-1.358,49.705],[-1.3,49.694],[-1.267,49.694],[-1.263,49.673],[-1.257,49.667],[-1.244,49.648],[-1.228,49.623],[-1.256,49.612],[-1.286,49.587],[-1.308,49.56],[-1.308,49.546],[-1.302,49.535],[-1.293,49.517],[-1.279,49.508],[-1.274,49.503],[-1.254,49.482],[-1.223,49.456],[-1.212,49.447],[-1.197,49.435],[-1.189,49.43],[-1.162,49.393],[-1.177,49.365],[-1.14,49.359],[-1.114,49.327],[-1.14,49.309],[-1.101,49.321],[-1.115,49.349],[-1.09,49.381],[-1.07,49.39],[-1.019,49.393],[-0.985,49.396],[-0.962,49.396],[-0.925,49.392],[-0.913,49.385],[-0.882,49.371],[-0.861,49.365],[-0.828,49.358],[-0.789,49.353],[-0.745,49.349],[-0.719,49.347],[-0.667,49.346],[-0.645,49.345],[-0.626,49.341],[-0.611,49.34],[-0.593,49.341],[-0.573,49.344],[-0.553,49.346],[-0.506,49.344],[-0.467,49.338],[-0.434,49.335],[-0.398,49.333],[-0.376,49.328],[-0.359,49.322],[-0.34,49.313],[-0.31,49.301],[-0.287,49.295],[-0.279,49.293],[-0.247,49.291],[-0.238,49.271],[-0.225,49.268],[-0.228,49.285],[-0.17,49.286],[-0.139,49.29],[-0.112,49.286],[-0.09,49.295],[-0.066,49.307],[-0.042,49.314],[-0.014,49.321],[0.014,49.332],[0.031,49.341],[0.053,49.353],[0.058,49.356],[0.085,49.361],[0.105,49.39],[0.132,49.404],[0.15,49.407],[0.185,49.415],[0.223,49.428],[0.275,49.429],[0.286,49.429],[0.297,49.43],[0.31,49.431],[0.338,49.438],[0.338,49.445],[0.369,49.444],[0.378,49.438],[0.424,49.421],[0.429,49.404],[0.456,49.39],[0.461,49.387],[0.473,49.377],[0.431,49.367],[0.429,49.353],[0.419,49.351],[0.416,49.351],[0.391,49.355],[0.373,49.354],[0.353,49.311],[0.316,49.311],[0.309,49.283],[0.366,49.295],[0.384,49.286],[0.383,49.264],[0.326,49.253],[0.337,49.232],[0.383,49.216],[0.389,49.212],[0.388,49.19],[0.392,49.179],[0.386,49.155],[0.388,49.153],[0.407,49.149],[0.427,49.147],[0.433,49.142],[0.408,49.128],[0.41,49.122],[0.409,49.121],[0.4,49.101],[0.41,49.098],[0.416,49.087],[0.418,49.073],[0.379,49.067],[0.367,49.052],[0.371,49.05],[0.41,49.033],[0.446,49.019],[0.434,49.003],[0.427,48.986],[0.432,48.972],[0.413,48.95],[0.4,48.953],[0.377,48.973],[0.357,48.95],[0.333,48.943],[0.308,48.954],[0.283,48.949],[0.244,48.958],[0.224,48.941],[0.187,48.941],[0.171,48.927],[0.148,48.929],[0.128,48.952],[0.126,48.95],[0.081,48.938],[0.064,48.917],[0.057,48.908],[0.05,48.899],[-0.01,48.884],[-0.006,48.872],[-0.007,48.872],[-0.031,48.874],[-0.031,48.87],[-0.059,48.854],[-0.07,48.843],[-0.075,48.841],[-0.107,48.84],[-0.125,48.848],[-0.143,48.828],[-0.126,48.817],[-0.152,48.82],[-0.205,48.847],[-0.228,48.843],[-0.242,48.85],[-0.254,48.85],[-0.283,48.853],[-0.299,48.849],[-0.329,48.858],[-0.336,48.847],[-0.33,48.836],[-0.346,48.822],[-0.347,48.823],[-0.374,48.825],[-0.382,48.799],[-0.419,48.777],[-0.396,48.756],[-0.396,48.729],[-0.356,48.73],[-0.348,48.719],[-0.338,48.712],[-0.328,48.69],[-0.368,48.675],[-0.353,48.661],[-0.317,48.677],[-0.304,48.667],[-0.287,48.647],[-0.287,48.642],[-0.319,48.624],[-0.362,48.626],[-0.365,48.624],[-0.309,48.607],[-0.332,48.604],[-0.361,48.582],[-0.337,48.53],[-0.34,48.528],[-0.365,48.514],[-0.386,48.52],[-0.371,48.54],[-0.394,48.55],[-0.402,48.583],[-0.432,48.585],[-0.441,48.585],[-0.461,48.57],[-0.522,48.579],[-0.558,48.585],[-0.571,48.57],[-0.606,48.567],[-0.61,48.552],[-0.61,48.522],[-0.634,48.534],[-0.645,48.533],[-0.656,48.563],[-0.676,48.56],[-0.685,48.572],[-0.709,48.573],[-0.71,48.573],[-0.721,48.587],[-0.758,48.595],[-0.774,48.575],[-0.775,48.575],[-0.805,48.55],[-0.809,48.548],[-0.847,48.522],[-0.86,48.502],[-0.896,48.495],[-0.945,48.515],[-0.977,48.493],[-1.003,48.489],[-1.012,48.493],[-1.061,48.516],[-1.07,48.509],[-1.117,48.522],[-1.162,48.524],[-1.167,48.53],[-1.188,48.529],[-1.207,48.542],[-1.249,48.544],[-1.273,48.534],[-1.279,48.509],[-1.287,48.51],[-1.33,48.486],[-1.381,48.457],[-1.399,48.461],[-1.441,48.472],[-1.442,48.484],[-1.49,48.489],[-1.496,48.509],[-1.515,48.53],[-1.518,48.53],[-1.527,48.562],[-1.528,48.579],[-1.555,48.609],[-1.571,48.626],[-1.55,48.63],[-1.516,48.618],[-1.512,48.618],[-1.511,48.619],[-1.476,48.619],[-1.45,48.623],[-1.421,48.64],[-1.362,48.634],[-1.351,48.631],[-1.347,48.632],[-1.345,48.633],[-1.351,48.632],[-1.358,48.636],[-1.364,48.647],[-1.399,48.655],[-1.376,48.685],[-1.373,48.693],[-1.394,48.678],[-1.432,48.666],[-1.458,48.674]],[[-0.581,49.143],[-0.588,49.132],[-0.613,49.137],[-0.646,49.124],[-0.65,49.126],[-0.641,49.136],[-0.679,49.149],[-0.714,49.18],[-0.736,49.183],[-0.756,49.168],[-0.758,49.15],[-0.77,49.149],[-0.796,49.123],[-0.811,49.116],[-0.878,49.103],[-0.88,49.089],[-0.871,49.073],[-0.87,49.069],[-0.892,49.046],[-0.863,49.026],[-0.81,49.038],[-0.783,49.043],[-0.78,49.043],[-0.783,49.028],[-0.783,49.023],[-0.779,49.021],[-0.81,48.998],[-0.795,48.978],[-0.765,48.982],[-0.732,48.962],[-0.706,48.968],[-0.698,48.946],[-0.663,48.951],[-0.63,48.945],[-0.612,48.937],[-0.575,48.946],[-0.583,48.97],[-0.567,48.991],[-0.561,49.016],[-0.545,49.03],[-0.548,49.044],[-0.523,49.054],[-0.521,49.06],[-0.524,49.062],[-0.54,49.074],[-0.549,49.076],[-0.558,49.088],[-0.539,49.104],[-0.525,49.119],[-0.523,49.123],[-0.553,49.139],[-0.581,49.143]]]]}},{"type":"Feature","properties":{"code":"200029999","nom":"CC Rives de l'Ain - Pays du Cerdon","Agence d'urbanisme":"UrbaLyon","SCoT":"1","Territoires partagés":0,"Agence d'urbansime - 1":null,"Agence d'urbanisme - 3":null,"epcis":["200029999","200040491","200040566","200040574","200040590","200042497","200042935","200046977","200066587","200067817","200068542","200068567","200069193","200070118","200071751","200072015","200077014","200085751","240100883","243800604","243801255","244200895","246900575","246900625","246900724","246900740","246900757","246900765"]},"geometry":{"type":"MultiPolygon","coordinates":[[[[4.612,45.292],[4.634,45.315],[4.643,45.319],[4.638,45.326],[4.622,45.344],[4.618,45.359],[4.586,45.384],[4.612,45.393],[4.632,45.445],[4.638,45.451],[4.639,45.45],[4.672,45.455],[4.679,45.467],[4.682,45.48],[4.664,45.485],[4.65,45.497],[4.651,45.531],[4.665,45.543],[4.666,45.543],[4.685,45.555],[4.687,45.558],[4.658,45.564],[4.649,45.565],[4.659,45.543],[4.645,45.541],[4.643,45.543],[4.624,45.57],[4.603,45.571],[4.587,45.571],[4.57,45.583],[4.548,45.58],[4.505,45.577],[4.468,45.586],[4.466,45.576],[4.454,45.567],[4.444,45.554],[4.422,45.566],[4.419,45.566],[4.402,45.566],[4.383,45.586],[4.378,45.608],[4.405,45.614],[4.41,45.632],[4.409,45.637],[4.393,45.654],[4.366,45.647],[4.344,45.645],[4.333,45.66],[4.32,45.674],[4.319,45.691],[4.328,45.701],[4.361,45.705],[4.366,45.699],[4.403,45.744],[4.391,45.755],[4.359,45.751],[4.349,45.771],[4.376,45.782],[4.388,45.803],[4.376,45.825],[4.391,45.837],[4.396,45.86],[4.395,45.865],[4.363,45.864],[4.343,45.877],[4.324,45.904],[4.346,45.916],[4.346,45.93],[4.294,45.953],[4.276,45.978],[4.248,45.987],[4.244,45.997],[4.3,45.989],[4.311,46.008],[4.28,46.022],[4.261,46.037],[4.254,46.052],[4.297,46.064],[4.301,46.079],[4.309,46.11],[4.322,46.13],[4.333,46.135],[4.362,46.139],[4.382,46.15],[4.417,46.136],[4.439,46.168],[4.414,46.18],[4.406,46.182],[4.423,46.203],[4.422,46.207],[4.387,46.22],[4.386,46.226],[4.385,46.247],[4.388,46.248],[4.397,46.267],[4.396,46.275],[4.406,46.296],[4.427,46.303],[4.44,46.293],[4.489,46.288],[4.504,46.267],[4.546,46.274],[4.558,46.295],[4.57,46.293],[4.571,46.29],[4.586,46.269],[4.618,46.265],[4.617,46.281],[4.639,46.302],[4.663,46.295],[4.694,46.302],[4.694,46.295],[4.707,46.285],[4.708,46.27],[4.701,46.267],[4.68,46.268],[4.71,46.248],[4.737,46.233],[4.72,46.229],[4.736,46.212],[4.721,46.198],[4.725,46.184],[4.763,46.176],[4.775,46.177],[4.78,46.177],[4.793,46.208],[4.795,46.22],[4.798,46.225],[4.801,46.23],[4.831,46.226],[4.855,46.207],[4.862,46.204],[4.891,46.207],[4.933,46.198],[4.934,46.184],[4.98,46.191],[4.987,46.184],[5.001,46.185],[5.053,46.162],[5.06,46.174],[5.091,46.182],[5.09,46.195],[5.058,46.221],[5.095,46.236],[5.091,46.251],[5.054,46.25],[5.028,46.265],[5.037,46.287],[5.012,46.305],[5.026,46.319],[5.035,46.333],[5.018,46.347],[5.019,46.355],[5.016,46.375],[5.033,46.384],[5.026,46.423],[5.033,46.421],[5.037,46.448],[5.033,46.451],[5.007,46.462],[5.007,46.478],[5.014,46.5],[5.055,46.484],[5.071,46.486],[5.096,46.499],[5.134,46.501],[5.166,46.518],[5.204,46.505],[5.206,46.486],[5.215,46.469],[5.236,46.458],[5.248,46.459],[5.274,46.448],[5.311,46.447],[5.314,46.416],[5.309,46.41],[5.367,46.388],[5.365,46.373],[5.375,46.358],[5.374,46.352],[5.402,46.333],[5.404,46.315],[5.41,46.309],[5.424,46.348],[5.437,46.315],[5.465,46.324],[5.459,46.291],[5.474,46.264],[5.5,46.268],[5.511,46.264],[5.542,46.27],[5.565,46.294],[5.587,46.293],[5.605,46.309],[5.606,46.314],[5.637,46.336],[5.65,46.334],[5.683,46.316],[5.685,46.311],[5.715,46.309],[5.725,46.261],[5.733,46.264],[5.766,46.268],[5.818,46.263],[5.826,46.262],[5.822,46.241],[5.771,46.238],[5.763,46.201],[5.728,46.199],[5.711,46.204],[5.712,46.174],[5.714,46.17],[5.745,46.161],[5.726,46.125],[5.647,46.128],[5.636,46.108],[5.641,46.068],[5.621,46.041],[5.629,46.025],[5.63,46.008],[5.639,45.984],[5.635,45.945],[5.615,45.914],[5.63,45.906],[5.623,45.867],[5.613,45.853],[5.595,45.863],[5.559,45.865],[5.547,45.884],[5.534,45.894],[5.526,45.89],[5.525,45.863],[5.566,45.834],[5.576,45.816],[5.578,45.812],[5.592,45.799],[5.591,45.76],[5.584,45.763],[5.571,45.753],[5.581,45.741],[5.581,45.739],[5.546,45.714],[5.55,45.682],[5.567,45.673],[5.586,45.667],[5.615,45.625],[5.624,45.613],[5.638,45.59],[5.647,45.577],[5.674,45.553],[5.681,45.541],[5.673,45.543],[5.691,45.528],[5.691,45.522],[5.696,45.52],[5.701,45.518],[5.714,45.497],[5.698,45.484],[5.687,45.484],[5.671,45.479],[5.667,45.491],[5.64,45.505],[5.629,45.507],[5.618,45.491],[5.586,45.503],[5.577,45.506],[5.572,45.533],[5.572,45.504],[5.568,45.504],[5.521,45.473],[5.502,45.482],[5.482,45.446],[5.472,45.45],[5.468,45.455],[5.449,45.466],[5.432,45.476],[5.402,45.456],[5.389,45.471],[5.363,45.464],[5.332,45.475],[5.328,45.477],[5.3,45.48],[5.284,45.485],[5.267,45.495],[5.265,45.501],[5.292,45.524],[5.278,45.529],[5.27,45.535],[5.268,45.552],[5.269,45.553],[5.241,45.554],[5.205,45.537],[5.198,45.548],[5.188,45.548],[5.175,45.552],[5.137,45.551],[5.136,45.525],[5.116,45.518],[5.103,45.523],[5.093,45.543],[5.056,45.529],[5.045,45.526],[5.038,45.49],[5.044,45.484],[5.079,45.479],[5.082,45.443],[5.118,45.432],[5.123,45.425],[5.135,45.399],[5.123,45.389],[5.095,45.348],[5.095,45.347],[5.093,45.328],[5.078,45.322],[5.059,45.314],[5.068,45.296],[5.074,45.283],[5.075,45.282],[5.136,45.298],[5.139,45.297],[5.122,45.245],[5.091,45.219],[5.074,45.236],[5.045,45.219],[5.042,45.217],[5.008,45.197],[5.0,45.199],[4.989,45.192],[4.984,45.167],[4.985,45.161],[4.975,45.151],[4.972,45.153],[4.914,45.155],[4.907,45.144],[4.867,45.137],[4.86,45.14],[4.856,45.141],[4.829,45.157],[4.829,45.154],[4.804,45.131],[4.796,45.131],[4.786,45.148],[4.761,45.141],[4.737,45.149],[4.705,45.159],[4.722,45.168],[4.714,45.173],[4.67,45.179],[4.672,45.204],[4.605,45.206],[4.592,45.186],[4.567,45.182],[4.536,45.172],[4.514,45.153],[4.483,45.141],[4.443,45.142],[4.458,45.169],[4.481,45.196],[4.481,45.216],[4.483,45.237],[4.509,45.231],[4.568,45.248],[4.585,45.244],[4.605,45.264],[4.599,45.269],[4.598,45.289],[4.612,45.292]],[[4.901,45.858],[4.921,45.833],[4.924,45.804],[4.952,45.809],[4.97,45.808],[4.98,45.806],[4.981,45.805],[4.994,45.808],[5.001,45.81],[5.017,45.806],[5.038,45.809],[5.058,45.81],[5.092,45.812],[5.101,45.814],[5.089,45.785],[5.059,45.792],[5.06,45.782],[5.094,45.766],[5.094,45.739],[5.134,45.734],[5.159,45.715],[5.169,45.737],[5.185,45.757],[5.2,45.762],[5.2,45.771],[5.186,45.782],[5.177,45.793],[5.144,45.804],[5.122,45.811],[5.141,45.845],[5.167,45.842],[5.171,45.844],[5.147,45.865],[5.117,45.881],[5.112,45.887],[5.11,45.89],[5.097,45.918],[5.076,45.902],[5.058,45.908],[5.041,45.929],[5.012,45.935],[5.001,45.928],[4.995,45.911],[4.963,45.909],[4.974,45.891],[4.932,45.883],[4.909,45.874],[4.901,45.858]]]]}},{"type":"Feature","properties":{"code":"200039204","nom":"CC de Lacq-Orthez","Agence d'urbanisme":"AUDAP","SCoT":"0","Territoires partagés":0,"Agence d'urbansime - 1":null,"Agence d'urbanisme - 3":null,"epcis":["200039204","200067106","200067239","200067254","200067262","200067296","246400337","246401756"]},"geometry":{"type":"MultiPolygon","coordinates":[[[[-0.135,43.152],[-0.139,43.149],[-0.147,43.128],[-0.175,43.11],[-0.194,43.115],[-0.192,43.105],[-0.186,43.084],[-0.199,43.069],[-0.182,43.053],[-0.224,43.034],[-0.211,43.018],[-0.226,42.984],[-0.26,42.999],[-0.249,42.971],[-0.279,42.942],[-0.298,42.931],[-0.327,42.917],[-0.307,42.87],[-0.313,42.849],[-0.356,42.83],[-0.391,42.8],[-0.411,42.809],[-0.444,42.796],[-0.478,42.809],[-0.501,42.828],[-0.554,42.779],[-0.568,42.781],[-0.569,42.807],[-0.598,42.805],[-0.603,42.832],[-0.636,42.853],[-0.663,42.871],[-0.699,42.879],[-0.732,42.896],[-0.731,42.939],[-0.741,42.949],[-0.752,42.967],[-0.784,42.964],[-0.811,42.951],[-0.897,42.956],[-0.945,42.953],[-0.997,42.975],[-1.017,42.995],[-1.059,42.996],[-1.084,43.011],[-1.115,43.024],[-1.144,43.024],[-1.174,43.038],[-1.213,43.051],[-1.248,43.043],[-1.309,43.069],[-1.297,43.095],[-1.27,43.118],[-1.332,43.108],[-1.346,43.09],[-1.343,43.054],[-1.366,43.031],[-1.441,43.046],[-1.456,43.063],[-1.473,43.087],[-1.427,43.122],[-1.408,43.155],[-1.383,43.2],[-1.378,43.235],[-1.383,43.253],[-1.413,43.273],[-1.446,43.269],[-1.492,43.281],[-1.506,43.294],[-1.529,43.293],[-1.557,43.279],[-1.575,43.25],[-1.609,43.252],[-1.631,43.285],[-1.635,43.309],[-1.668,43.315],[-1.703,43.309],[-1.73,43.296],[-1.737,43.33],[-1.761,43.344],[-1.762,43.344],[-1.789,43.355],[-1.776,43.373],[-1.733,43.38],[-1.689,43.395],[-1.67,43.388],[-1.621,43.421],[-1.609,43.427],[-1.577,43.463],[-1.549,43.493],[-1.521,43.529],[-1.502,43.527],[-1.478,43.54],[-1.466,43.516],[-1.431,43.514],[-1.418,43.497],[-1.414,43.497],[-1.37,43.495],[-1.335,43.503],[-1.323,43.505],[-1.288,43.499],[-1.26,43.513],[-1.25,43.517],[-1.204,43.54],[-1.196,43.546],[-1.174,43.546],[-1.159,43.539],[-1.131,43.511],[-1.165,43.508],[-1.17,43.497],[-1.17,43.493],[-1.133,43.499],[-1.108,43.514],[-1.081,43.523],[-1.069,43.508],[-1.063,43.495],[-1.057,43.485],[-1.06,43.459],[-1.037,43.429],[-1.03,43.42],[-1.018,43.423],[-1.01,43.409],[-1.005,43.401],[-0.973,43.376],[-0.96,43.388],[-0.934,43.376],[-0.937,43.353],[-0.932,43.35],[-0.922,43.348],[-0.912,43.344],[-0.911,43.344],[-0.898,43.315],[-0.873,43.319],[-0.871,43.297],[-0.876,43.289],[-0.864,43.289],[-0.829,43.305],[-0.828,43.303],[-0.826,43.295],[-0.81,43.273],[-0.782,43.266],[-0.777,43.265],[-0.76,43.251],[-0.743,43.268],[-0.722,43.272],[-0.702,43.27],[-0.688,43.277],[-0.697,43.292],[-0.68,43.299],[-0.685,43.334],[-0.706,43.336],[-0.723,43.344],[-0.734,43.353],[-0.73,43.366],[-0.714,43.371],[-0.743,43.392],[-0.75,43.398],[-0.795,43.412],[-0.825,43.418],[-0.832,43.424],[-0.836,43.431],[-0.833,43.448],[-0.853,43.466],[-0.855,43.461],[-0.859,43.465],[-0.839,43.508],[-0.874,43.505],[-0.894,43.516],[-0.888,43.493],[-0.945,43.498],[-0.949,43.508],[-0.936,43.535],[-0.936,43.537],[-0.912,43.548],[-0.872,43.545],[-0.864,43.544],[-0.843,43.543],[-0.843,43.554],[-0.803,43.556],[-0.794,43.564],[-0.77,43.579],[-0.734,43.556],[-0.729,43.545],[-0.708,43.541],[-0.7,43.562],[-0.662,43.569],[-0.641,43.575],[-0.633,43.554],[-0.631,43.55],[-0.616,43.544],[-0.614,43.538],[-0.567,43.558],[-0.562,43.553],[-0.557,43.543],[-0.553,43.543],[-0.526,43.558],[-0.507,43.568],[-0.508,43.569],[-0.465,43.59],[-0.441,43.593],[-0.432,43.584],[-0.462,43.563],[-0.449,43.55],[-0.438,43.553],[-0.406,43.568],[-0.401,43.563],[-0.354,43.561],[-0.349,43.556],[-0.336,43.551],[-0.302,43.566],[-0.301,43.571],[-0.287,43.575],[-0.247,43.583],[-0.243,43.585],[-0.211,43.593],[-0.205,43.584],[-0.177,43.597],[-0.162,43.582],[-0.158,43.581],[-0.129,43.581],[-0.097,43.582],[-0.093,43.564],[-0.09,43.56],[-0.087,43.542],[-0.056,43.533],[-0.049,43.53],[-0.044,43.524],[-0.04,43.513],[-0.044,43.507],[-0.047,43.498],[-0.026,43.475],[-0.019,43.47],[-0.032,43.466],[-0.065,43.464],[-0.067,43.444],[-0.067,43.41],[-0.069,43.412],[-0.086,43.39],[-0.088,43.385],[-0.093,43.374],[-0.107,43.371],[-0.11,43.375],[-0.132,43.367],[-0.139,43.347],[-0.109,43.341],[-0.103,43.359],[-0.09,43.359],[-0.088,43.334],[-0.109,43.338],[-0.115,43.322],[-0.075,43.307],[-0.07,43.319],[-0.028,43.324],[-0.034,43.31],[-0.044,43.29],[-0.025,43.28],[-0.017,43.272],[-0.047,43.224],[-0.062,43.221],[-0.074,43.222],[-0.068,43.177],[-0.118,43.18],[-0.125,43.167],[-0.135,43.152]],[[-0.085,43.277],[-0.089,43.301],[-0.122,43.302],[-0.137,43.286],[-0.137,43.282],[-0.141,43.272],[-0.124,43.246],[-0.105,43.243],[-0.103,43.243],[-0.094,43.255],[-0.085,43.277]]]]}},{"type":"Feature","properties":{"code":"200018166","nom":"CC Le Grésivaudan","Agence d'urbanisme":"AURG","SCoT":"0","Territoires partagés":0,"Agence d'urbansime - 1":null,"Agence d'urbanisme - 3":null,"epcis":["200018166","200030658","200040111","200040657","200040715","200059392","200067320","200067445","200067825","200068096","200069110","200070431","243800984","243801024","243801073"]},"geometry":{"type":"MultiPolygon","coordinates":[[[[5.756,44.696],[5.704,44.729],[5.647,44.724],[5.644,44.732],[5.629,44.745],[5.626,44.753],[5.622,44.754],[5.584,44.765],[5.582,44.778],[5.561,44.789],[5.532,44.775],[5.482,44.786],[5.485,44.823],[5.464,44.826],[5.476,44.867],[5.484,44.923],[5.478,44.967],[5.488,44.99],[5.484,45.023],[5.465,45.044],[5.475,45.07],[5.494,45.072],[5.457,45.082],[5.448,45.072],[5.397,45.038],[5.353,45.047],[5.352,45.047],[5.333,45.06],[5.32,45.052],[5.306,45.056],[5.292,45.064],[5.275,45.057],[5.267,45.056],[5.245,45.067],[5.228,45.077],[5.224,45.08],[5.214,45.083],[5.183,45.085],[5.163,45.066],[5.134,45.075],[5.163,45.099],[5.187,45.12],[5.188,45.128],[5.19,45.164],[5.17,45.195],[5.179,45.217],[5.202,45.217],[5.177,45.249],[5.153,45.256],[5.122,45.245],[5.139,45.297],[5.136,45.298],[5.075,45.282],[5.074,45.283],[5.068,45.296],[5.059,45.314],[5.078,45.322],[5.093,45.328],[5.095,45.347],[5.095,45.348],[5.123,45.389],[5.135,45.399],[5.123,45.425],[5.118,45.432],[5.082,45.443],[5.079,45.479],[5.044,45.484],[5.038,45.49],[5.045,45.526],[5.056,45.529],[5.093,45.543],[5.103,45.523],[5.116,45.518],[5.136,45.525],[5.137,45.551],[5.175,45.552],[5.188,45.548],[5.198,45.548],[5.205,45.537],[5.241,45.554],[5.269,45.553],[5.268,45.552],[5.27,45.535],[5.278,45.529],[5.292,45.524],[5.265,45.501],[5.267,45.495],[5.284,45.485],[5.3,45.48],[5.328,45.477],[5.332,45.475],[5.363,45.464],[5.389,45.471],[5.402,45.456],[5.432,45.476],[5.449,45.466],[5.468,45.455],[5.472,45.45],[5.482,45.446],[5.502,45.482],[5.521,45.473],[5.568,45.504],[5.572,45.504],[5.572,45.533],[5.577,45.506],[5.586,45.503],[5.618,45.491],[5.629,45.507],[5.64,45.505],[5.667,45.491],[5.671,45.479],[5.687,45.484],[5.698,45.484],[5.714,45.497],[5.72,45.483],[5.748,45.512],[5.758,45.492],[5.794,45.488],[5.815,45.52],[5.817,45.522],[5.819,45.522],[5.83,45.55],[5.82,45.567],[5.817,45.579],[5.815,45.606],[5.815,45.613],[5.818,45.618],[5.851,45.615],[5.86,45.64],[5.885,45.64],[5.884,45.615],[5.898,45.615],[5.902,45.636],[5.912,45.643],[5.939,45.614],[5.956,45.646],[5.966,45.645],[5.966,45.665],[5.974,45.683],[5.98,45.682],[5.997,45.675],[6.003,45.674],[6.018,45.697],[6.042,45.739],[6.096,45.743],[6.097,45.734],[6.103,45.764],[6.138,45.761],[6.167,45.757],[6.178,45.747],[6.184,45.733],[6.196,45.732],[6.192,45.72],[6.196,45.693],[6.215,45.709],[6.229,45.704],[6.232,45.703],[6.258,45.684],[6.259,45.682],[6.254,45.66],[6.238,45.646],[6.24,45.644],[6.24,45.624],[6.22,45.612],[6.177,45.596],[6.173,45.6],[6.122,45.584],[6.111,45.59],[6.094,45.562],[6.091,45.556],[6.069,45.524],[6.039,45.515],[6.034,45.515],[6.027,45.534],[6.016,45.54],[5.991,45.521],[5.97,45.535],[5.969,45.536],[5.964,45.536],[5.964,45.523],[5.927,45.515],[5.894,45.497],[5.915,45.477],[5.966,45.492],[6.011,45.458],[6.008,45.454],[6.05,45.438],[6.054,45.44],[6.077,45.443],[6.091,45.444],[6.095,45.432],[6.103,45.434],[6.122,45.439],[6.145,45.414],[6.178,45.393],[6.192,45.369],[6.17,45.36],[6.195,45.352],[6.191,45.34],[6.188,45.333],[6.187,45.32],[6.154,45.311],[6.132,45.288],[6.139,45.256],[6.126,45.244],[6.076,45.231],[6.04,45.239],[6.032,45.22],[6.002,45.207],[5.988,45.168],[5.959,45.157],[5.931,45.131],[5.88,45.094],[5.841,45.054],[5.859,45.045],[5.911,45.039],[5.92,45.04],[5.949,45.018],[5.995,45.016],[6.011,45.0],[6.031,44.98],[6.042,44.939],[6.076,44.937],[6.106,44.931],[6.115,44.909],[6.146,44.91],[6.175,44.894],[6.196,44.859],[6.25,44.852],[6.271,44.871],[6.304,44.873],[6.336,44.848],[6.346,44.824],[6.338,44.799],[6.353,44.773],[6.36,44.758],[6.345,44.744],[6.402,44.719],[6.404,44.696],[6.443,44.683],[6.428,44.66],[6.4,44.638],[6.371,44.66],[6.352,44.661],[6.332,44.64],[6.302,44.626],[6.288,44.602],[6.267,44.603],[6.253,44.563],[6.259,44.548],[6.241,44.52],[6.26,44.505],[6.293,44.505],[6.307,44.491],[6.293,44.481],[6.263,44.466],[6.234,44.464],[6.233,44.463],[6.24,44.448],[6.263,44.412],[6.227,44.382],[6.174,44.44],[6.162,44.434],[6.156,44.442],[6.12,44.434],[6.116,44.432],[6.093,44.428],[6.066,44.402],[6.063,44.4],[6.037,44.379],[6.027,44.377],[6.004,44.383],[5.982,44.377],[5.952,44.342],[5.926,44.35],[5.941,44.373],[5.953,44.395],[5.919,44.41],[5.91,44.405],[5.852,44.426],[5.846,44.426],[5.847,44.438],[5.802,44.459],[5.779,44.46],[5.759,44.482],[5.737,44.479],[5.681,44.482],[5.671,44.496],[5.665,44.502],[5.647,44.52],[5.615,44.533],[5.597,44.543],[5.607,44.567],[5.607,44.568],[5.626,44.587],[5.627,44.595],[5.649,44.619],[5.642,44.651],[5.652,44.655],[5.739,44.641],[5.764,44.656],[5.79,44.654],[5.799,44.674],[5.827,44.686],[5.801,44.707],[5.756,44.696]]]]}},{"type":"Feature","properties":{"code":"200010700","nom":"CA Caux Seine Agglo","Agence d'urbanisme":"AURH","SCoT":"0","Territoires partagés":0,"Agence d'urbansime - 1":null,"Agence d'urbanisme - 3":null,"epcis":["200010700","200065787","200066017","200066405","200069821","200084952","247600505","247600620"]},"geometry":{"type":"MultiPolygon","coordinates":[[[[0.427,49.147],[0.407,49.149],[0.388,49.153],[0.386,49.155],[0.392,49.179],[0.388,49.19],[0.389,49.212],[0.383,49.216],[0.337,49.232],[0.326,49.253],[0.383,49.264],[0.384,49.286],[0.366,49.295],[0.309,49.283],[0.316,49.311],[0.353,49.311],[0.373,49.354],[0.391,49.355],[0.416,49.351],[0.419,49.351],[0.429,49.353],[0.431,49.367],[0.473,49.377],[0.461,49.387],[0.456,49.39],[0.429,49.404],[0.424,49.421],[0.378,49.438],[0.369,49.444],[0.338,49.445],[0.304,49.452],[0.269,49.447],[0.253,49.447],[0.237,49.451],[0.195,49.452],[0.121,49.463],[0.085,49.502],[0.067,49.519],[0.078,49.54],[0.111,49.589],[0.129,49.61],[0.143,49.63],[0.16,49.67],[0.18,49.696],[0.182,49.699],[0.225,49.718],[0.265,49.729],[0.27,49.731],[0.294,49.739],[0.299,49.74],[0.32,49.741],[0.338,49.748],[0.356,49.756],[0.388,49.772],[0.429,49.787],[0.484,49.808],[0.512,49.819],[0.524,49.826],[0.539,49.811],[0.546,49.796],[0.552,49.78],[0.556,49.777],[0.563,49.77],[0.569,49.763],[0.577,49.755],[0.584,49.746],[0.568,49.735],[0.592,49.714],[0.589,49.711],[0.573,49.709],[0.564,49.692],[0.57,49.677],[0.614,49.681],[0.633,49.673],[0.651,49.683],[0.679,49.686],[0.686,49.677],[0.714,49.678],[0.735,49.694],[0.765,49.689],[0.755,49.673],[0.797,49.647],[0.795,49.644],[0.792,49.642],[0.817,49.626],[0.836,49.615],[0.837,49.615],[0.857,49.606],[0.866,49.617],[0.869,49.618],[0.901,49.598],[0.911,49.592],[0.909,49.574],[0.873,49.566],[0.849,49.588],[0.845,49.586],[0.835,49.546],[0.813,49.543],[0.808,49.536],[0.803,49.534],[0.807,49.503],[0.774,49.487],[0.775,49.486],[0.804,49.475],[0.813,49.467],[0.817,49.447],[0.803,49.428],[0.819,49.398],[0.834,49.394],[0.86,49.395],[0.878,49.396],[0.909,49.424],[0.924,49.405],[0.918,49.385],[0.917,49.376],[0.925,49.359],[0.923,49.35],[0.931,49.344],[0.864,49.346],[0.848,49.332],[0.886,49.32],[0.9,49.298],[0.926,49.313],[0.961,49.291],[0.953,49.28],[0.986,49.27],[0.97,49.253],[0.98,49.244],[0.957,49.241],[0.957,49.24],[0.949,49.226],[0.942,49.203],[0.935,49.2],[0.912,49.199],[0.903,49.206],[0.916,49.238],[0.914,49.241],[0.895,49.245],[0.866,49.252],[0.86,49.243],[0.825,49.24],[0.821,49.244],[0.787,49.249],[0.776,49.247],[0.776,49.248],[0.729,49.259],[0.712,49.252],[0.715,49.219],[0.712,49.219],[0.695,49.214],[0.679,49.225],[0.68,49.229],[0.656,49.238],[0.633,49.231],[0.633,49.222],[0.625,49.217],[0.602,49.228],[0.582,49.226],[0.578,49.209],[0.585,49.197],[0.589,49.191],[0.579,49.178],[0.602,49.164],[0.595,49.154],[0.585,49.145],[0.555,49.141],[0.551,49.151],[0.523,49.137],[0.548,49.122],[0.524,49.119],[0.511,49.109],[0.511,49.092],[0.489,49.092],[0.479,49.07],[0.45,49.065],[0.447,49.028],[0.446,49.019],[0.41,49.033],[0.371,49.05],[0.367,49.052],[0.379,49.067],[0.418,49.073],[0.416,49.087],[0.41,49.098],[0.4,49.101],[0.409,49.121],[0.41,49.122],[0.408,49.128],[0.433,49.142],[0.427,49.147]]]]}},{"type":"Feature","properties":{"code":"200027100","nom":"CC Méditerranée Porte des Maures","Agence d'urbanisme":"AUDAT","SCoT":"0","Territoires partagés":0,"Agence d'urbansime - 1":null,"Agence d'urbanisme - 3":null,"epcis":["200027100","200035319","200036077","200068104","248300394","248300410","248300543","248300550"]},"geometry":{"type":"MultiPolygon","coordinates":[[[[6.453,43.026],[6.473,43.047],[6.506,43.044],[6.488,43.043],[6.471,43.017],[6.453,43.026]]],[[[6.405,43.149],[6.37,43.138],[6.364,43.125],[6.365,43.086],[6.333,43.09],[6.317,43.106],[6.289,43.107],[6.272,43.121],[6.234,43.113],[6.183,43.109],[6.155,43.081],[6.149,43.027],[6.131,43.035],[6.126,43.078],[6.11,43.084],[6.077,43.088],[6.033,43.078],[6.025,43.092],[5.993,43.105],[5.979,43.107],[5.925,43.103],[5.923,43.123],[5.887,43.116],[5.885,43.117],[5.909,43.101],[5.904,43.079],[5.916,43.086],[5.937,43.072],[5.912,43.066],[5.903,43.074],[5.873,43.07],[5.848,43.05],[5.829,43.049],[5.804,43.077],[5.807,43.116],[5.777,43.117],[5.77,43.139],[5.726,43.137],[5.695,43.144],[5.696,43.17],[5.672,43.18],[5.676,43.191],[5.678,43.217],[5.682,43.235],[5.705,43.242],[5.701,43.247],[5.761,43.267],[5.763,43.282],[5.727,43.317],[5.691,43.313],[5.669,43.319],[5.704,43.354],[5.75,43.343],[5.739,43.393],[5.75,43.401],[5.788,43.42],[5.751,43.434],[5.728,43.467],[5.699,43.482],[5.716,43.504],[5.725,43.551],[5.773,43.544],[5.783,43.538],[5.828,43.548],[5.841,43.543],[5.852,43.498],[5.862,43.488],[5.914,43.494],[5.926,43.491],[5.964,43.513],[5.983,43.527],[6.03,43.525],[6.054,43.514],[6.1,43.518],[6.091,43.532],[6.12,43.559],[6.186,43.536],[6.273,43.533],[6.261,43.497],[6.269,43.479],[6.29,43.481],[6.356,43.444],[6.364,43.433],[6.374,43.43],[6.386,43.399],[6.428,43.355],[6.474,43.377],[6.521,43.373],[6.542,43.375],[6.543,43.397],[6.581,43.401],[6.586,43.421],[6.586,43.443],[6.615,43.48],[6.606,43.499],[6.647,43.516],[6.68,43.513],[6.707,43.509],[6.725,43.518],[6.758,43.515],[6.772,43.527],[6.777,43.544],[6.796,43.564],[6.842,43.538],[6.863,43.532],[6.879,43.533],[6.884,43.503],[6.904,43.495],[6.933,43.48],[6.92,43.449],[6.859,43.415],[6.83,43.418],[6.788,43.408],[6.763,43.424],[6.736,43.408],[6.715,43.368],[6.716,43.348],[6.682,43.341],[6.666,43.318],[6.621,43.296],[6.574,43.267],[6.594,43.262],[6.624,43.265],[6.676,43.279],[6.697,43.264],[6.677,43.245],[6.664,43.24],[6.661,43.196],[6.647,43.168],[6.618,43.163],[6.601,43.183],[6.552,43.187],[6.518,43.162],[6.491,43.153],[6.448,43.153],[6.405,43.149]]]]}},{"type":"Feature","properties":{"code":"200067627","nom":"CC Billom Communauté","Agence d'urbanisme":"AUCM","SCoT":"1","Territoires partagés":0,"Agence d'urbansime - 1":null,"Agence d'urbanisme - 3":null,"epcis":["200067627","200069177","200070407","200070712","200070753","200071199","200071363","240300491","246300701","246301097"]},"geometry":{"type":"MultiPolygon","coordinates":[[[[3.291,45.404],[3.287,45.4],[3.26,45.391],[3.236,45.395],[3.219,45.369],[3.216,45.37],[3.212,45.367],[3.181,45.352],[3.151,45.351],[3.104,45.354],[3.096,45.352],[3.062,45.328],[3.059,45.307],[3.037,45.298],[3.018,45.287],[2.949,45.309],[2.925,45.347],[2.925,45.35],[2.923,45.368],[2.955,45.389],[2.949,45.399],[2.995,45.424],[2.992,45.44],[3.024,45.469],[3.024,45.498],[3.023,45.512],[3.037,45.528],[3.032,45.541],[3.076,45.551],[3.079,45.553],[3.06,45.572],[3.049,45.572],[3.023,45.562],[3.027,45.575],[3.04,45.604],[3.039,45.606],[3.017,45.627],[3.0,45.623],[2.984,45.622],[2.963,45.645],[2.933,45.647],[2.93,45.664],[2.941,45.699],[2.943,45.71],[2.949,45.742],[2.956,45.764],[2.966,45.782],[2.944,45.807],[2.93,45.799],[2.875,45.814],[2.869,45.819],[2.848,45.845],[2.855,45.863],[2.897,45.87],[2.905,45.91],[2.925,45.9],[2.961,45.92],[3.004,45.922],[3.036,45.916],[3.051,45.939],[3.08,45.936],[3.091,45.925],[3.105,45.939],[3.125,45.941],[3.126,45.955],[3.138,45.973],[3.15,45.984],[3.109,45.999],[3.103,46.002],[3.124,46.019],[3.108,46.044],[3.113,46.064],[3.128,46.072],[3.179,46.066],[3.18,46.074],[3.214,46.075],[3.232,46.07],[3.242,46.063],[3.257,46.066],[3.302,46.066],[3.333,46.08],[3.317,46.096],[3.259,46.1],[3.26,46.103],[3.28,46.121],[3.288,46.124],[3.293,46.134],[3.294,46.152],[3.262,46.165],[3.281,46.176],[3.324,46.177],[3.332,46.182],[3.347,46.196],[3.381,46.214],[3.421,46.213],[3.421,46.247],[3.446,46.249],[3.464,46.239],[3.461,46.219],[3.477,46.217],[3.504,46.231],[3.517,46.233],[3.534,46.265],[3.556,46.277],[3.559,46.289],[3.566,46.29],[3.616,46.291],[3.618,46.287],[3.655,46.302],[3.666,46.314],[3.661,46.343],[3.683,46.352],[3.747,46.34],[3.745,46.325],[3.732,46.304],[3.738,46.269],[3.776,46.267],[3.778,46.243],[3.773,46.227],[3.791,46.21],[3.789,46.186],[3.808,46.162],[3.791,46.157],[3.802,46.13],[3.793,46.112],[3.821,46.09],[3.806,46.053],[3.825,46.006],[3.832,46.0],[3.832,45.999],[3.81,45.985],[3.778,45.972],[3.736,45.967],[3.71,45.974],[3.694,45.931],[3.729,45.914],[3.754,45.886],[3.715,45.871],[3.729,45.863],[3.721,45.851],[3.719,45.85],[3.728,45.831],[3.713,45.801],[3.733,45.762],[3.73,45.76],[3.727,45.756],[3.746,45.741],[3.722,45.718],[3.689,45.727],[3.686,45.706],[3.668,45.683],[3.665,45.702],[3.633,45.705],[3.593,45.7],[3.587,45.705],[3.557,45.697],[3.529,45.715],[3.505,45.695],[3.508,45.673],[3.505,45.64],[3.476,45.634],[3.475,45.631],[3.433,45.616],[3.431,45.593],[3.445,45.575],[3.446,45.566],[3.443,45.553],[3.446,45.545],[3.501,45.537],[3.505,45.521],[3.511,45.486],[3.507,45.485],[3.493,45.459],[3.46,45.455],[3.454,45.447],[3.503,45.441],[3.509,45.443],[3.5,45.43],[3.501,45.428],[3.456,45.4],[3.42,45.397],[3.406,45.403],[3.367,45.411],[3.356,45.423],[3.341,45.422],[3.33,45.397],[3.296,45.419],[3.291,45.404]]]]}},{"type":"Feature","properties":{"code":"200070951","nom":"CC du Territoire Nord Picardie","Agence d'urbanisme":"ADUGA","SCoT":"0","Territoires partagés":0,"Agence d'urbansime - 1":null,"Agence d'urbanisme - 3":null,"epcis":["200070951","200070969","200070977","200071181","200071223","248000499","248000531","248000747"]},"geometry":{"type":"MultiPolygon","coordinates":[[[[2.711,49.731],[2.753,49.74],[2.762,49.747],[2.777,49.757],[2.785,49.758],[2.778,49.78],[2.784,49.78],[2.8,49.78],[2.8,49.781],[2.822,49.787],[2.833,49.787],[2.839,49.784],[2.838,49.772],[2.866,49.764],[2.88,49.76],[2.889,49.748],[2.885,49.743],[2.851,49.748],[2.839,49.748],[2.832,49.737],[2.841,49.721],[2.847,49.719],[2.882,49.733],[2.883,49.732],[2.892,49.725],[2.918,49.738],[2.928,49.731],[2.931,49.719],[2.964,49.724],[2.98,49.714],[2.982,49.704],[2.956,49.678],[2.954,49.666],[2.935,49.677],[2.913,49.71],[2.893,49.699],[2.884,49.714],[2.882,49.714],[2.866,49.703],[2.888,49.682],[2.889,49.671],[2.857,49.683],[2.848,49.672],[2.846,49.671],[2.843,49.658],[2.8,49.661],[2.802,49.659],[2.796,49.63],[2.795,49.617],[2.776,49.615],[2.76,49.618],[2.757,49.621],[2.726,49.625],[2.721,49.622],[2.699,49.626],[2.689,49.625],[2.687,49.617],[2.674,49.602],[2.674,49.6],[2.671,49.581],[2.649,49.572],[2.628,49.585],[2.627,49.61],[2.626,49.611],[2.593,49.612],[2.582,49.599],[2.572,49.597],[2.559,49.608],[2.566,49.619],[2.527,49.63],[2.521,49.627],[2.505,49.64],[2.478,49.621],[2.473,49.636],[2.465,49.638],[2.453,49.641],[2.449,49.647],[2.445,49.653],[2.402,49.661],[2.374,49.656],[2.362,49.667],[2.355,49.664],[2.332,49.682],[2.315,49.69],[2.29,49.685],[2.26,49.696],[2.247,49.702],[2.233,49.702],[2.23,49.702],[2.192,49.703],[2.19,49.704],[2.147,49.699],[2.124,49.688],[2.095,49.693],[2.091,49.691],[2.051,49.686],[2.048,49.688],[2.028,49.711],[2.002,49.713],[1.972,49.72],[1.949,49.701],[1.933,49.72],[1.895,49.7],[1.881,49.698],[1.849,49.702],[1.838,49.709],[1.82,49.723],[1.836,49.74],[1.821,49.739],[1.809,49.754],[1.79,49.754],[1.784,49.758],[1.781,49.768],[1.758,49.783],[1.752,49.792],[1.745,49.803],[1.734,49.813],[1.726,49.84],[1.72,49.862],[1.719,49.866],[1.712,49.874],[1.697,49.893],[1.692,49.899],[1.678,49.914],[1.679,49.917],[1.648,49.929],[1.653,49.935],[1.654,49.935],[1.675,49.942],[1.657,49.96],[1.638,49.978],[1.647,49.981],[1.686,49.987],[1.689,49.985],[1.684,49.966],[1.689,49.965],[1.695,49.96],[1.726,49.956],[1.729,49.956],[1.718,49.976],[1.741,49.991],[1.748,49.993],[1.768,49.989],[1.775,49.977],[1.795,49.978],[1.802,49.973],[1.814,49.966],[1.827,49.966],[1.825,49.949],[1.83,49.945],[1.857,49.95],[1.863,49.962],[1.859,49.976],[1.898,49.978],[1.935,49.999],[1.935,49.998],[1.952,49.996],[1.96,49.98],[2.004,49.983],[2.008,49.984],[2.035,49.989],[2.047,50.011],[2.006,50.024],[1.999,50.028],[2.006,50.035],[2.014,50.051],[2.032,50.051],[2.048,50.039],[2.065,50.032],[2.071,50.047],[2.039,50.055],[2.036,50.066],[2.085,50.057],[2.091,50.06],[2.067,50.079],[2.073,50.079],[2.081,50.085],[2.07,50.101],[2.074,50.106],[2.072,50.123],[2.078,50.131],[2.08,50.134],[2.064,50.14],[2.07,50.164],[2.05,50.169],[2.047,50.181],[2.039,50.188],[2.054,50.191],[2.083,50.217],[2.086,50.201],[2.115,50.203],[2.142,50.203],[2.149,50.191],[2.177,50.208],[2.187,50.21],[2.2,50.215],[2.224,50.217],[2.231,50.211],[2.253,50.215],[2.27,50.229],[2.302,50.213],[2.327,50.213],[2.333,50.239],[2.337,50.235],[2.362,50.207],[2.368,50.208],[2.382,50.226],[2.385,50.225],[2.407,50.234],[2.437,50.227],[2.452,50.23],[2.46,50.22],[2.486,50.208],[2.489,50.205],[2.495,50.2],[2.495,50.195],[2.485,50.191],[2.474,50.189],[2.451,50.179],[2.421,50.175],[2.415,50.173],[2.415,50.164],[2.403,50.165],[2.39,50.155],[2.38,50.119],[2.375,50.109],[2.395,50.11],[2.397,50.107],[2.414,50.1],[2.43,50.088],[2.446,50.118],[2.45,50.124],[2.455,50.131],[2.47,50.134],[2.476,50.137],[2.491,50.138],[2.515,50.141],[2.532,50.115],[2.548,50.124],[2.552,50.141],[2.568,50.136],[2.581,50.138],[2.587,50.137],[2.57,50.122],[2.569,50.12],[2.576,50.113],[2.593,50.107],[2.631,50.107],[2.631,50.105],[2.636,50.1],[2.648,50.095],[2.657,50.101],[2.672,50.094],[2.704,50.081],[2.719,50.088],[2.707,50.126],[2.73,50.126],[2.749,50.113],[2.781,50.111],[2.777,50.1],[2.782,50.091],[2.774,50.08],[2.76,50.07],[2.764,50.061],[2.742,50.048],[2.752,50.04],[2.777,50.044],[2.783,50.021],[2.808,50.006],[2.795,49.995],[2.804,49.982],[2.825,49.981],[2.838,49.968],[2.824,49.953],[2.828,49.947],[2.832,49.933],[2.824,49.924],[2.793,49.928],[2.779,49.914],[2.767,49.907],[2.739,49.914],[2.74,49.888],[2.737,49.887],[2.714,49.907],[2.709,49.916],[2.68,49.888],[2.677,49.878],[2.651,49.873],[2.636,49.878],[2.611,49.877],[2.607,49.857],[2.593,49.857],[2.59,49.826],[2.613,49.825],[2.621,49.826],[2.622,49.803],[2.647,49.792],[2.65,49.773],[2.643,49.759],[2.659,49.753],[2.659,49.736],[2.696,49.737],[2.703,49.734],[2.711,49.731]]]]}},{"type":"Feature","properties":{"code":"200027183","nom":"CU Perpignan Méditerranée Métropole","Agence d'urbanisme":"AURCA","SCoT":"0","Territoires partagés":0,"Agence d'urbansime - 1":null,"Agence d'urbanisme - 3":null,"epcis":["200027183","200042653","200043602","200043776","200049211","200070365","200071058","200071926","246600373","246600399","246600415","246600423","246600449","246600464","246600548"]},"geometry":{"type":"MultiPolygon","coordinates":[[[[2.674,42.405],[2.659,42.38],[2.676,42.342],[2.61,42.347],[2.587,42.357],[2.562,42.357],[2.542,42.334],[2.476,42.348],[2.466,42.361],[2.414,42.391],[2.349,42.407],[2.319,42.425],[2.291,42.423],[2.257,42.439],[2.206,42.417],[2.157,42.423],[2.133,42.414],[2.115,42.394],[2.089,42.374],[2.059,42.358],[2.023,42.356],[2.016,42.347],[1.972,42.374],[1.955,42.41],[1.959,42.424],[1.943,42.444],[1.934,42.454],[1.9,42.45],[1.86,42.462],[1.843,42.477],[1.73,42.492],[1.725,42.516],[1.734,42.549],[1.77,42.565],[1.786,42.574],[1.825,42.581],[1.874,42.582],[1.9,42.615],[1.933,42.605],[1.977,42.622],[1.991,42.647],[2.002,42.661],[2.019,42.654],[2.043,42.658],[2.047,42.664],[2.096,42.664],[2.128,42.672],[2.166,42.664],[2.176,42.683],[2.141,42.706],[2.114,42.725],[2.101,42.732],[2.086,42.752],[2.085,42.752],[2.057,42.756],[2.031,42.741],[2.02,42.74],[2.004,42.733],[1.999,42.736],[1.991,42.735],[1.951,42.737],[1.932,42.751],[1.93,42.755],[1.909,42.765],[1.929,42.775],[1.901,42.801],[1.899,42.803],[1.86,42.821],[1.875,42.845],[1.889,42.853],[1.96,42.861],[1.982,42.877],[1.989,42.91],[1.981,42.93],[1.934,42.939],[1.952,42.959],[1.988,42.954],[2.005,42.962],[1.987,42.995],[1.97,43.008],[1.986,43.03],[1.98,43.038],[1.976,43.043],[1.94,43.062],[1.961,43.067],[1.95,43.082],[1.956,43.085],[1.951,43.102],[1.951,43.111],[1.981,43.112],[1.991,43.121],[2.009,43.121],[2.033,43.132],[2.013,43.153],[2.056,43.151],[2.059,43.156],[2.087,43.14],[2.101,43.144],[2.113,43.157],[2.103,43.165],[2.1,43.173],[2.105,43.172],[2.124,43.18],[2.148,43.162],[2.164,43.154],[2.189,43.153],[2.211,43.163],[2.234,43.163],[2.222,43.126],[2.227,43.118],[2.252,43.121],[2.259,43.102],[2.278,43.089],[2.312,43.116],[2.335,43.109],[2.352,43.122],[2.363,43.127],[2.392,43.105],[2.424,43.116],[2.44,43.114],[2.451,43.1],[2.415,43.084],[2.431,43.067],[2.445,43.06],[2.471,43.046],[2.466,43.031],[2.456,43.031],[2.452,43.02],[2.434,43.023],[2.415,42.99],[2.386,42.972],[2.412,42.957],[2.42,42.932],[2.454,42.933],[2.476,42.895],[2.521,42.908],[2.529,42.904],[2.583,42.911],[2.593,42.913],[2.624,42.919],[2.602,42.938],[2.626,42.948],[2.664,42.933],[2.688,42.944],[2.713,42.932],[2.727,42.951],[2.727,42.952],[2.763,42.97],[2.788,42.994],[2.778,43.004],[2.774,43.016],[2.751,43.022],[2.754,43.038],[2.762,43.069],[2.833,43.066],[2.838,43.051],[2.859,43.054],[2.872,43.032],[2.898,43.021],[2.884,42.989],[2.903,42.959],[2.94,42.953],[2.931,42.934],[2.912,42.901],[2.952,42.907],[2.987,42.927],[2.993,42.932],[3.005,42.902],[2.986,42.866],[3.013,42.852],[3.044,42.838],[3.039,42.78],[3.039,42.743],[3.035,42.722],[3.036,42.641],[3.006,42.645],[3.003,42.653],[2.967,42.646],[2.961,42.645],[2.93,42.654],[2.935,42.633],[2.929,42.623],[2.893,42.63],[2.89,42.627],[2.914,42.606],[2.948,42.612],[2.967,42.63],[2.988,42.634],[2.99,42.612],[3.001,42.595],[3.023,42.601],[3.044,42.6],[3.044,42.594],[3.049,42.553],[3.076,42.533],[3.099,42.524],[3.129,42.518],[3.133,42.495],[3.155,42.478],[3.157,42.46],[3.174,42.435],[3.121,42.438],[3.087,42.425],[3.047,42.457],[3.04,42.474],[3.0,42.473],[2.967,42.466],[2.947,42.482],[2.933,42.474],[2.918,42.456],[2.887,42.46],[2.844,42.458],[2.801,42.418],[2.77,42.412],[2.753,42.426],[2.727,42.423],[2.724,42.423],[2.674,42.405]],[[1.998,42.485],[1.981,42.495],[1.96,42.47],[1.96,42.453],[1.981,42.448],[2.009,42.448],[2.003,42.458],[1.998,42.485]]],[[[3.083,43.29],[3.054,43.28],[3.012,43.28],[3.006,43.3],[2.991,43.319],[2.958,43.312],[2.946,43.312],[2.921,43.326],[2.895,43.326],[2.889,43.352],[2.89,43.357],[2.87,43.381],[2.869,43.383],[2.867,43.411],[2.866,43.416],[2.88,43.464],[2.902,43.452],[2.922,43.461],[2.93,43.467],[2.933,43.477],[2.951,43.485],[2.968,43.487],[2.992,43.488],[3.047,43.472],[3.06,43.477],[3.065,43.484],[3.048,43.511],[3.045,43.541],[3.057,43.55],[3.087,43.557],[3.129,43.571],[3.132,43.57],[3.146,43.586],[3.198,43.594],[3.216,43.577],[3.226,43.575],[3.264,43.571],[3.291,43.593],[3.303,43.583],[3.306,43.583],[3.317,43.558],[3.351,43.548],[3.36,43.531],[3.33,43.518],[3.337,43.494],[3.321,43.482],[3.303,43.475],[3.328,43.452],[3.285,43.445],[3.278,43.461],[3.268,43.458],[3.262,43.45],[3.239,43.432],[3.229,43.431],[3.214,43.422],[3.203,43.426],[3.193,43.422],[3.166,43.396],[3.162,43.39],[3.152,43.398],[3.139,43.415],[3.107,43.431],[3.063,43.418],[3.031,43.408],[3.066,43.394],[3.086,43.367],[3.108,43.365],[3.064,43.356],[3.109,43.337],[3.091,43.314],[3.108,43.309],[3.083,43.29]]]]}},{"type":"Feature","properties":{"code":"200040954","nom":"CC des Hauts de Flandre","Agence d'urbanisme":"AGUR","SCoT":"0","Territoires partagés":0,"Agence d'urbansime - 1":null,"Agence d'urbanisme - 3":null,"epcis":["200040954","245900428"]},"geometry":{"type":"MultiPolygon","coordinates":[[[[2.488,50.836],[2.476,50.832],[2.453,50.852],[2.451,50.848],[2.424,50.864],[2.392,50.856],[2.384,50.852],[2.332,50.84],[2.328,50.817],[2.316,50.818],[2.317,50.8],[2.317,50.793],[2.313,50.787],[2.289,50.777],[2.256,50.788],[2.243,50.797],[2.227,50.808],[2.213,50.811],[2.211,50.82],[2.208,50.838],[2.202,50.843],[2.19,50.872],[2.189,50.875],[2.166,50.912],[2.151,50.933],[2.142,50.948],[2.125,50.97],[2.109,50.984],[2.11,50.988],[2.089,51.003],[2.103,51.007],[2.152,51.035],[2.171,51.044],[2.205,51.032],[2.24,51.039],[2.264,51.045],[2.303,51.051],[2.342,51.057],[2.381,51.049],[2.432,51.058],[2.467,51.067],[2.473,51.069],[2.494,51.074],[2.546,51.089],[2.559,51.07],[2.572,51.013],[2.621,50.965],[2.63,50.943],[2.609,50.931],[2.59,50.919],[2.605,50.907],[2.57,50.898],[2.55,50.872],[2.531,50.848],[2.519,50.864],[2.488,50.836]]]]}},{"type":"Feature","properties":{"code":"200065928","nom":"CA Lannion-Trégor Communauté","Agence d'urbanisme":"ADEUPA","SCoT":"0","Territoires partagés":0,"Agence d'urbansime - 1":null,"Agence d'urbanisme - 3":null,"epcis":["200065928","200066868","200067072","200067197","200067247","200067981","200069086","200069409","242200715","242900074","242900314","242900553","242900561","242900744","242900751","242900793","242900801","242900835","245614417"]},"geometry":{"type":"MultiPolygon","coordinates":[[[[-4.011,48.144],[-4.017,48.159],[-4.054,48.162],[-4.073,48.126],[-4.079,48.122],[-4.118,48.128],[-4.135,48.144],[-4.172,48.128],[-4.192,48.131],[-4.202,48.112],[-4.235,48.095],[-4.285,48.108],[-4.272,48.147],[-4.273,48.152],[-4.296,48.159],[-4.295,48.185],[-4.321,48.204],[-4.332,48.206],[-4.369,48.205],[-4.405,48.223],[-4.448,48.236],[-4.487,48.236],[-4.503,48.226],[-4.527,48.186],[-4.551,48.181],[-4.564,48.232],[-4.557,48.259],[-4.584,48.253],[-4.613,48.262],[-4.567,48.286],[-4.567,48.292],[-4.581,48.319],[-4.555,48.338],[-4.532,48.34],[-4.553,48.295],[-4.503,48.281],[-4.458,48.292],[-4.427,48.291],[-4.384,48.275],[-4.367,48.278],[-4.339,48.284],[-4.306,48.298],[-4.289,48.273],[-4.26,48.267],[-4.243,48.249],[-4.207,48.24],[-4.2,48.248],[-4.241,48.254],[-4.262,48.279],[-4.233,48.292],[-4.196,48.292],[-4.193,48.297],[-4.221,48.314],[-4.255,48.327],[-4.293,48.312],[-4.334,48.316],[-4.309,48.338],[-4.278,48.345],[-4.269,48.358],[-4.302,48.356],[-4.319,48.362],[-4.378,48.325],[-4.416,48.324],[-4.45,48.336],[-4.434,48.363],[-4.396,48.387],[-4.348,48.402],[-4.314,48.416],[-4.27,48.442],[-4.278,48.44],[-4.328,48.418],[-4.376,48.4],[-4.423,48.397],[-4.434,48.396],[-4.436,48.383],[-4.484,48.383],[-4.538,48.357],[-4.554,48.361],[-4.571,48.35],[-4.622,48.339],[-4.679,48.356],[-4.71,48.331],[-4.771,48.335],[-4.78,48.353],[-4.761,48.378],[-4.776,48.407],[-4.795,48.415],[-4.776,48.444],[-4.76,48.46],[-4.717,48.469],[-4.725,48.476],[-4.767,48.48],[-4.777,48.496],[-4.764,48.52],[-4.752,48.542],[-4.724,48.558],[-4.705,48.55],[-4.701,48.566],[-4.664,48.571],[-4.646,48.572],[-4.597,48.572],[-4.595,48.553],[-4.58,48.555],[-4.507,48.553],[-4.587,48.563],[-4.595,48.575],[-4.608,48.597],[-4.529,48.592],[-4.515,48.588],[-4.569,48.611],[-4.565,48.623],[-4.519,48.635],[-4.507,48.622],[-4.463,48.627],[-4.447,48.64],[-4.398,48.636],[-4.397,48.656],[-4.349,48.677],[-4.296,48.665],[-4.316,48.638],[-4.312,48.635],[-4.294,48.636],[-4.245,48.65],[-4.194,48.652],[-4.214,48.669],[-4.162,48.69],[-4.127,48.694],[-4.096,48.686],[-4.056,48.669],[-4.036,48.688],[-4.057,48.701],[-4.012,48.715],[-4.011,48.717],[-4.007,48.724],[-3.965,48.723],[-3.974,48.704],[-3.958,48.648],[-3.952,48.645],[-3.942,48.655],[-3.913,48.674],[-3.881,48.639],[-3.858,48.629],[-3.858,48.618],[-3.87,48.604],[-3.849,48.604],[-3.844,48.628],[-3.847,48.661],[-3.85,48.684],[-3.831,48.712],[-3.78,48.702],[-3.748,48.708],[-3.702,48.69],[-3.676,48.687],[-3.654,48.666],[-3.66,48.656],[-3.618,48.685],[-3.579,48.671],[-3.573,48.675],[-3.572,48.688],[-3.581,48.721],[-3.555,48.728],[-3.535,48.728],[-3.498,48.736],[-3.551,48.733],[-3.549,48.746],[-3.586,48.769],[-3.554,48.791],[-3.535,48.802],[-3.534,48.824],[-3.491,48.822],[-3.437,48.811],[-3.44,48.798],[-3.388,48.803],[-3.366,48.819],[-3.335,48.828],[-3.322,48.838],[-3.27,48.834],[-3.229,48.868],[-3.209,48.848],[-3.219,48.834],[-3.209,48.812],[-3.254,48.783],[-3.245,48.784],[-3.229,48.792],[-3.222,48.781],[-3.257,48.751],[-3.241,48.756],[-3.211,48.764],[-3.199,48.766],[-3.224,48.796],[-3.197,48.818],[-3.174,48.842],[-3.13,48.864],[-3.094,48.859],[-3.1,48.831],[-3.085,48.826],[-3.098,48.794],[-3.116,48.776],[-3.123,48.759],[-3.146,48.749],[-3.149,48.739],[-3.14,48.711],[-3.114,48.725],[-3.086,48.716],[-3.115,48.726],[-3.13,48.727],[-3.141,48.748],[-3.103,48.766],[-3.086,48.81],[-3.014,48.822],[-3.009,48.804],[-3.045,48.788],[-3.016,48.766],[-2.991,48.763],[-2.952,48.765],[-2.932,48.755],[-2.948,48.727],[-2.927,48.709],[-2.891,48.699],[-2.881,48.674],[-2.85,48.667],[-2.826,48.644],[-2.808,48.592],[-2.772,48.57],[-2.719,48.555],[-2.738,48.527],[-2.714,48.52],[-2.681,48.489],[-2.673,48.487],[-2.682,48.532],[-2.623,48.52],[-2.613,48.504],[-2.612,48.484],[-2.644,48.475],[-2.649,48.458],[-2.684,48.451],[-2.71,48.417],[-2.715,48.415],[-2.726,48.395],[-2.761,48.382],[-2.724,48.367],[-2.725,48.316],[-2.737,48.309],[-2.77,48.318],[-2.772,48.285],[-2.788,48.273],[-2.823,48.292],[-2.827,48.292],[-2.828,48.316],[-2.896,48.336],[-2.912,48.307],[-2.925,48.307],[-2.946,48.325],[-2.984,48.327],[-3.007,48.366],[-3.006,48.373],[-3.034,48.368],[-3.082,48.334],[-3.07,48.314],[-3.087,48.303],[-3.103,48.298],[-3.092,48.26],[-3.071,48.25],[-3.057,48.244],[-3.053,48.23],[-3.077,48.21],[-3.095,48.203],[-3.117,48.206],[-3.13,48.177],[-3.155,48.158],[-3.178,48.161],[-3.211,48.142],[-3.204,48.13],[-3.215,48.121],[-3.2,48.086],[-3.158,48.085],[-3.14,48.068],[-3.168,48.05],[-3.172,48.034],[-3.185,48.025],[-3.197,48.002],[-3.233,47.984],[-3.25,47.988],[-3.269,47.998],[-3.306,47.995],[-3.324,47.988],[-3.337,47.977],[-3.36,47.943],[-3.393,47.951],[-3.404,47.967],[-3.461,47.956],[-3.468,47.946],[-3.497,47.977],[-3.531,47.989],[-3.59,47.989],[-3.613,47.985],[-3.641,47.986],[-3.661,48.015],[-3.674,48.059],[-3.692,48.063],[-3.695,48.094],[-3.733,48.096],[-3.77,48.086],[-3.796,48.059],[-3.81,48.067],[-3.85,48.038],[-3.915,48.055],[-3.871,48.081],[-3.901,48.098],[-3.898,48.119],[-3.909,48.126],[-3.935,48.152],[-4.011,48.144]]],[[[-4.965,48.392],[-4.967,48.398],[-4.959,48.401],[-4.955,48.392],[-4.965,48.392]]],[[[-4.022,48.753],[-4.002,48.748],[-4.022,48.739],[-4.022,48.753]]]]}},{"type":"Feature","properties":{"code":"200043693","nom":"CC Terre Lorraine du Longuyonnais","Agence d'urbanisme":"AGAPE","SCoT":"0","Territoires partagés":0,"Agence d'urbansime - 1":null,"Agence d'urbanisme - 3":null,"epcis":["200043693","200070290","200070845","245400262","245701404"]},"geometry":{"type":"MultiPolygon","coordinates":[[[[6.031,49.233],[6.01,49.222],[6.003,49.209],[5.988,49.21],[5.979,49.195],[5.979,49.193],[5.985,49.185],[6.031,49.168],[6.011,49.153],[5.999,49.156],[5.984,49.142],[6.002,49.116],[6.006,49.113],[5.948,49.109],[5.931,49.109],[5.898,49.11],[5.855,49.106],[5.837,49.12],[5.818,49.111],[5.808,49.111],[5.777,49.112],[5.772,49.105],[5.755,49.114],[5.772,49.14],[5.756,49.143],[5.759,49.149],[5.746,49.157],[5.766,49.198],[5.757,49.201],[5.75,49.199],[5.723,49.199],[5.729,49.225],[5.741,49.23],[5.725,49.245],[5.721,49.248],[5.725,49.27],[5.716,49.291],[5.75,49.31],[5.732,49.311],[5.737,49.339],[5.739,49.346],[5.732,49.361],[5.712,49.363],[5.708,49.384],[5.687,49.394],[5.692,49.402],[5.677,49.419],[5.634,49.438],[5.607,49.419],[5.57,49.422],[5.568,49.42],[5.505,49.406],[5.485,49.383],[5.474,49.389],[5.447,49.404],[5.497,49.408],[5.498,49.424],[5.471,49.428],[5.485,49.445],[5.47,49.462],[5.464,49.471],[5.464,49.482],[5.474,49.483],[5.482,49.494],[5.471,49.497],[5.531,49.513],[5.534,49.513],[5.557,49.529],[5.591,49.523],[5.607,49.507],[5.611,49.506],[5.618,49.514],[5.633,49.539],[5.669,49.548],[5.701,49.54],[5.757,49.543],[5.774,49.563],[5.811,49.543],[5.817,49.537],[5.836,49.52],[5.866,49.5],[5.893,49.497],[5.928,49.498],[5.956,49.493],[5.972,49.491],[5.982,49.451],[6.042,49.448],[6.033,49.43],[6.015,49.417],[5.985,49.43],[5.953,49.406],[5.975,49.391],[5.986,49.378],[5.956,49.362],[5.978,49.345],[5.943,49.341],[5.986,49.305],[5.997,49.314],[6.004,49.288],[6.01,49.272],[6.01,49.266],[6.028,49.233],[6.031,49.233]]],[[[5.452,49.407],[5.452,49.412],[5.469,49.421],[5.452,49.407]]],[[[5.426,49.486],[5.442,49.504],[5.456,49.481],[5.426,49.486]]]]}},{"type":"Feature","properties":{"code":"200000438","nom":"CC du Pays de Pontchâteau St-Gildas-des-Bois","Agence d'urbanisme":"ADDRN","SCoT":"0","Territoires partagés":0,"Agence d'urbansime - 1":null,"Agence d'urbanisme - 3":null,"epcis":["200000438","200067346","200072734","243500741","244400404","244400453","244400503","244400586","244400610","244400644"]},"geometry":{"type":"MultiPolygon","coordinates":[[[[-2.22,47.125],[-2.229,47.145],[-2.172,47.161],[-2.158,47.197],[-2.182,47.236],[-2.17,47.269],[-2.18,47.276],[-2.248,47.256],[-2.267,47.24],[-2.303,47.237],[-2.358,47.273],[-2.417,47.284],[-2.417,47.285],[-2.45,47.264],[-2.504,47.281],[-2.546,47.29],[-2.525,47.302],[-2.502,47.285],[-2.468,47.294],[-2.511,47.301],[-2.507,47.342],[-2.527,47.363],[-2.551,47.369],[-2.498,47.404],[-2.468,47.418],[-2.434,47.413],[-2.457,47.427],[-2.459,47.448],[-2.48,47.442],[-2.501,47.459],[-2.464,47.487],[-2.424,47.489],[-2.384,47.499],[-2.379,47.497],[-2.358,47.508],[-2.309,47.519],[-2.299,47.516],[-2.297,47.516],[-2.244,47.494],[-2.198,47.511],[-2.181,47.491],[-2.154,47.496],[-2.144,47.525],[-2.124,47.579],[-2.171,47.589],[-2.194,47.59],[-2.209,47.587],[-2.241,47.576],[-2.283,47.575],[-2.298,47.599],[-2.256,47.629],[-2.245,47.658],[-2.259,47.661],[-2.243,47.698],[-2.259,47.71],[-2.254,47.737],[-2.228,47.737],[-2.215,47.777],[-2.193,47.773],[-2.164,47.759],[-2.172,47.727],[-2.166,47.723],[-2.129,47.718],[-2.109,47.736],[-2.059,47.738],[-2.062,47.751],[-2.086,47.763],[-2.128,47.761],[-2.074,47.789],[-2.072,47.799],[-2.047,47.819],[-2.036,47.834],[-2.011,47.842],[-1.996,47.854],[-1.956,47.841],[-1.952,47.859],[-1.904,47.87],[-1.892,47.856],[-1.917,47.835],[-1.878,47.82],[-1.873,47.789],[-1.867,47.766],[-1.818,47.762],[-1.842,47.741],[-1.838,47.707],[-1.786,47.7],[-1.733,47.702],[-1.71,47.689],[-1.724,47.667],[-1.731,47.65],[-1.716,47.612],[-1.732,47.61],[-1.742,47.576],[-1.741,47.576],[-1.741,47.521],[-1.752,47.5],[-1.732,47.501],[-1.68,47.499],[-1.655,47.498],[-1.65,47.486],[-1.66,47.453],[-1.63,47.46],[-1.584,47.451],[-1.508,47.503],[-1.473,47.501],[-1.464,47.473],[-1.445,47.483],[-1.4,47.478],[-1.399,47.46],[-1.364,47.452],[-1.354,47.44],[-1.39,47.43],[-1.428,47.43],[-1.416,47.401],[-1.43,47.379],[-1.388,47.362],[-1.403,47.344],[-1.4,47.321],[-1.36,47.302],[-1.396,47.285],[-1.402,47.282],[-1.444,47.254],[-1.461,47.242],[-1.441,47.219],[-1.446,47.185],[-1.414,47.181],[-1.437,47.154],[-1.44,47.145],[-1.456,47.121],[-1.477,47.118],[-1.493,47.132],[-1.529,47.117],[-1.548,47.149],[-1.558,47.156],[-1.576,47.152],[-1.609,47.116],[-1.642,47.102],[-1.662,47.125],[-1.698,47.132],[-1.703,47.133],[-1.726,47.126],[-1.759,47.104],[-1.788,47.092],[-1.794,47.064],[-1.82,47.045],[-1.835,47.011],[-1.917,46.992],[-1.939,46.994],[-1.972,47.029],[-1.976,47.029],[-2.021,47.069],[-2.053,47.095],[-2.111,47.11],[-2.178,47.122],[-2.22,47.125]]]]}},{"type":"Feature","properties":{"code":"200023414","nom":"Métropole Rouen Normandie","Agence d'urbanisme":"AURBSE","SCoT":"0","Territoires partagés":0,"Agence d'urbansime - 1":null,"Agence d'urbanisme - 3":null,"epcis":["200023414","200070142","200070449","200089456","247600646"]},"geometry":{"type":"MultiPolygon","coordinates":[[[[1.418,49.148],[1.418,49.143],[1.415,49.142],[1.406,49.132],[1.39,49.112],[1.39,49.113],[1.349,49.113],[1.351,49.101],[1.343,49.104],[1.324,49.098],[1.321,49.096],[1.29,49.082],[1.281,49.08],[1.264,49.09],[1.247,49.083],[1.219,49.097],[1.212,49.111],[1.199,49.108],[1.191,49.108],[1.152,49.126],[1.156,49.115],[1.137,49.104],[1.107,49.122],[1.12,49.133],[1.135,49.14],[1.146,49.142],[1.132,49.159],[1.113,49.167],[1.099,49.169],[1.077,49.171],[1.066,49.179],[1.052,49.184],[1.037,49.203],[1.023,49.204],[1.02,49.2],[1.002,49.22],[0.995,49.219],[0.985,49.233],[0.957,49.24],[0.957,49.241],[0.98,49.244],[0.97,49.253],[0.986,49.27],[0.953,49.28],[0.961,49.291],[0.926,49.313],[0.9,49.298],[0.886,49.32],[0.848,49.332],[0.864,49.346],[0.931,49.344],[0.923,49.35],[0.925,49.359],[0.917,49.376],[0.918,49.385],[0.924,49.405],[0.909,49.424],[0.878,49.396],[0.86,49.395],[0.834,49.394],[0.819,49.398],[0.803,49.428],[0.817,49.447],[0.813,49.467],[0.804,49.475],[0.775,49.486],[0.774,49.487],[0.807,49.503],[0.803,49.534],[0.808,49.536],[0.813,49.543],[0.835,49.546],[0.845,49.586],[0.849,49.588],[0.873,49.566],[0.909,49.574],[0.911,49.592],[0.901,49.598],[0.894,49.627],[0.903,49.629],[0.931,49.628],[0.952,49.637],[0.968,49.635],[0.983,49.607],[0.999,49.602],[1.008,49.597],[1.049,49.615],[1.048,49.619],[1.047,49.63],[1.068,49.622],[1.058,49.638],[1.083,49.646],[1.109,49.64],[1.108,49.637],[1.165,49.619],[1.174,49.638],[1.171,49.647],[1.191,49.677],[1.211,49.672],[1.217,49.679],[1.23,49.675],[1.237,49.656],[1.248,49.647],[1.239,49.631],[1.221,49.622],[1.228,49.6],[1.24,49.594],[1.266,49.608],[1.282,49.591],[1.324,49.606],[1.373,49.614],[1.386,49.613],[1.392,49.633],[1.434,49.618],[1.439,49.593],[1.44,49.592],[1.45,49.585],[1.439,49.56],[1.432,49.559],[1.433,49.558],[1.441,49.538],[1.412,49.52],[1.401,49.503],[1.381,49.504],[1.376,49.502],[1.373,49.496],[1.41,49.472],[1.391,49.462],[1.411,49.456],[1.437,49.455],[1.476,49.452],[1.502,49.44],[1.537,49.43],[1.576,49.44],[1.585,49.432],[1.607,49.411],[1.604,49.393],[1.592,49.394],[1.546,49.397],[1.542,49.394],[1.54,49.377],[1.494,49.379],[1.495,49.369],[1.475,49.334],[1.452,49.342],[1.442,49.317],[1.412,49.326],[1.396,49.325],[1.392,49.309],[1.393,49.304],[1.384,49.297],[1.35,49.282],[1.324,49.297],[1.303,49.302],[1.299,49.298],[1.295,49.286],[1.264,49.289],[1.266,49.27],[1.281,49.271],[1.29,49.251],[1.295,49.246],[1.267,49.232],[1.237,49.212],[1.242,49.209],[1.266,49.204],[1.335,49.238],[1.358,49.251],[1.376,49.251],[1.395,49.229],[1.387,49.219],[1.339,49.198],[1.337,49.196],[1.397,49.191],[1.371,49.175],[1.391,49.169],[1.418,49.148]]]]}},{"type":"Feature","properties":{"code":"200041622","nom":"CC Ardennes Thiérache","Agence d'urbanisme":"AUDRR","SCoT":"1","Territoires partagés":0,"Agence d'urbansime - 1":null,"Agence d'urbanisme - 3":null,"epcis":["200041622","200041630","200043156","200067213","200067759","240800821","240800847","240800862","240800920"]},"geometry":{"type":"MultiPolygon","coordinates":[[[[3.736,49.336],[3.741,49.348],[3.746,49.348],[3.758,49.348],[3.778,49.356],[3.793,49.357],[3.824,49.357],[3.833,49.35],[3.848,49.364],[3.856,49.368],[3.84,49.391],[3.823,49.4],[3.823,49.403],[3.862,49.405],[3.896,49.393],[3.925,49.408],[3.935,49.398],[3.961,49.377],[3.987,49.379],[4.013,49.358],[4.036,49.36],[4.037,49.384],[4.048,49.406],[4.043,49.425],[4.037,49.438],[4.061,49.447],[4.042,49.481],[4.042,49.484],[4.041,49.496],[4.041,49.509],[4.075,49.522],[4.075,49.542],[4.05,49.551],[4.077,49.571],[4.06,49.596],[4.032,49.614],[4.048,49.638],[4.099,49.628],[4.116,49.633],[4.118,49.641],[4.127,49.678],[4.143,49.677],[4.151,49.691],[4.165,49.694],[4.185,49.699],[4.184,49.701],[4.191,49.716],[4.205,49.722],[4.225,49.728],[4.227,49.731],[4.231,49.747],[4.214,49.771],[4.21,49.782],[4.227,49.794],[4.214,49.806],[4.23,49.836],[4.249,49.857],[4.25,49.863],[4.256,49.904],[4.233,49.909],[4.222,49.91],[4.232,49.956],[4.233,49.958],[4.308,49.97],[4.35,49.953],[4.399,49.948],[4.446,49.937],[4.481,49.948],[4.512,49.947],[4.541,49.968],[4.57,49.974],[4.576,49.981],[4.694,49.996],[4.689,50.011],[4.691,50.034],[4.697,50.059],[4.68,50.067],[4.713,50.097],[4.752,50.112],[4.756,50.122],[4.78,50.141],[4.825,50.16],[4.875,50.154],[4.895,50.14],[4.849,50.101],[4.841,50.083],[4.82,50.066],[4.82,50.061],[4.841,50.037],[4.82,50.026],[4.819,49.995],[4.793,49.982],[4.791,49.958],[4.814,49.954],[4.849,49.948],[4.89,49.909],[4.859,49.865],[4.855,49.848],[4.869,49.823],[4.862,49.789],[4.888,49.788],[4.931,49.787],[4.943,49.791],[4.994,49.801],[5.002,49.792],[5.014,49.78],[5.047,49.77],[5.097,49.76],[5.125,49.727],[5.123,49.717],[5.144,49.709],[5.166,49.693],[5.2,49.692],[5.281,49.686],[5.282,49.686],[5.288,49.682],[5.32,49.664],[5.332,49.652],[5.305,49.63],[5.315,49.611],[5.322,49.614],[5.347,49.631],[5.394,49.617],[5.382,49.606],[5.362,49.592],[5.341,49.594],[5.309,49.563],[5.313,49.559],[5.275,49.542],[5.263,49.542],[5.252,49.557],[5.235,49.562],[5.202,49.568],[5.178,49.567],[5.16,49.567],[5.153,49.577],[5.12,49.593],[5.113,49.562],[5.109,49.555],[5.096,49.558],[5.089,49.521],[5.086,49.52],[5.06,49.505],[5.08,49.486],[5.083,49.471],[5.101,49.461],[5.103,49.46],[5.106,49.428],[5.11,49.416],[5.104,49.39],[5.089,49.37],[5.06,49.372],[5.028,49.332],[5.03,49.326],[5.038,49.316],[5.057,49.293],[5.059,49.29],[5.051,49.274],[5.011,49.269],[5.0,49.261],[4.951,49.237],[4.934,49.262],[4.913,49.265],[4.876,49.263],[4.866,49.227],[4.827,49.235],[4.83,49.243],[4.812,49.249],[4.791,49.241],[4.745,49.241],[4.73,49.252],[4.718,49.251],[4.704,49.255],[4.69,49.258],[4.67,49.241],[4.619,49.238],[4.611,49.259],[4.599,49.288],[4.557,49.295],[4.516,49.282],[4.492,49.281],[4.479,49.258],[4.483,49.206],[4.476,49.208],[4.459,49.192],[4.382,49.173],[4.348,49.195],[4.3,49.168],[4.299,49.153],[4.273,49.128],[4.251,49.117],[4.262,49.104],[4.281,49.083],[4.254,49.069],[4.248,49.071],[4.205,49.087],[4.199,49.091],[4.181,49.094],[4.154,49.121],[4.15,49.12],[4.133,49.123],[4.124,49.128],[4.103,49.134],[4.098,49.141],[4.103,49.118],[4.073,49.107],[4.059,49.116],[4.054,49.135],[4.029,49.14],[3.999,49.137],[4.005,49.127],[3.957,49.126],[3.946,49.136],[3.939,49.154],[3.94,49.154],[3.935,49.158],[3.889,49.126],[3.889,49.116],[3.868,49.116],[3.86,49.142],[3.842,49.146],[3.844,49.17],[3.817,49.168],[3.805,49.151],[3.803,49.14],[3.802,49.138],[3.798,49.135],[3.773,49.123],[3.764,49.128],[3.755,49.126],[3.71,49.132],[3.717,49.147],[3.74,49.157],[3.749,49.159],[3.751,49.178],[3.706,49.18],[3.705,49.201],[3.697,49.207],[3.663,49.209],[3.651,49.221],[3.675,49.24],[3.655,49.263],[3.665,49.269],[3.659,49.287],[3.656,49.291],[3.638,49.301],[3.648,49.316],[3.669,49.325],[3.687,49.327],[3.693,49.329],[3.736,49.336]]]]}},{"type":"Feature","properties":{"code":"200034700","nom":"CA Durance-Lubéron-Verdon Agglomération","Agence d'urbanisme":"AUPA","SCoT":"0","Territoires partagés":0,"Agence d'urbansime - 1":null,"Agence d'urbanisme - 3":null,"epcis":["200034700","200035087","200040202","200040210","200067437","200068625","200068765","241300375","241300417"]},"geometry":{"type":"MultiPolygon","coordinates":[[[[4.983,43.684],[4.969,43.658],[4.954,43.639],[4.989,43.618],[4.978,43.616],[4.92,43.616],[4.887,43.591],[4.89,43.559],[4.88,43.542],[4.928,43.511],[4.876,43.494],[4.854,43.466],[4.838,43.463],[4.823,43.474],[4.78,43.48],[4.747,43.455],[4.735,43.428],[4.753,43.409],[4.831,43.369],[4.844,43.332],[4.782,43.348],[4.721,43.351],[4.68,43.346],[4.612,43.354],[4.562,43.373],[4.557,43.388],[4.595,43.406],[4.572,43.438],[4.532,43.452],[4.44,43.455],[4.422,43.448],[4.349,43.455],[4.23,43.46],[4.238,43.497],[4.244,43.501],[4.298,43.515],[4.325,43.528],[4.318,43.557],[4.354,43.547],[4.409,43.561],[4.426,43.585],[4.449,43.583],[4.473,43.603],[4.426,43.623],[4.451,43.664],[4.476,43.671],[4.486,43.699],[4.54,43.707],[4.602,43.686],[4.625,43.696],[4.612,43.725],[4.628,43.758],[4.652,43.783],[4.655,43.803],[4.643,43.832],[4.667,43.847],[4.642,43.868],[4.662,43.871],[4.709,43.898],[4.735,43.917],[4.739,43.924],[4.774,43.92],[4.811,43.914],[4.853,43.911],[4.881,43.902],[4.922,43.887],[4.93,43.884],[4.975,43.867],[4.992,43.85],[4.997,43.845],[5.035,43.82],[5.043,43.806],[5.05,43.789],[5.091,43.772],[5.058,43.768],[5.018,43.75],[4.998,43.749],[4.954,43.728],[4.965,43.72],[4.979,43.717],[4.983,43.684]]],[[[5.813,43.689],[5.793,43.693],[5.777,43.722],[5.753,43.725],[5.757,43.729],[5.716,43.756],[5.713,43.781],[5.695,43.784],[5.674,43.808],[5.654,43.825],[5.651,43.838],[5.694,43.848],[5.727,43.846],[5.729,43.853],[5.762,43.878],[5.791,43.876],[5.799,43.881],[5.814,43.901],[5.817,43.911],[5.827,43.923],[5.875,43.922],[5.865,43.937],[5.899,43.945],[5.901,43.948],[5.917,43.98],[5.888,43.998],[5.894,44.025],[5.885,44.041],[5.883,44.067],[5.864,44.112],[5.88,44.113],[5.892,44.093],[5.935,44.073],[5.925,44.055],[5.961,44.06],[5.975,44.041],[5.986,44.047],[5.968,44.075],[5.977,44.106],[6.005,44.113],[5.985,44.131],[6.0,44.143],[6.062,44.141],[6.088,44.172],[6.057,44.181],[6.024,44.167],[5.987,44.178],[5.954,44.157],[5.956,44.161],[5.923,44.149],[5.9,44.155],[5.9,44.191],[5.859,44.195],[5.792,44.212],[5.755,44.21],[5.692,44.186],[5.676,44.192],[5.652,44.19],[5.62,44.197],[5.613,44.22],[5.638,44.241],[5.673,44.246],[5.687,44.267],[5.676,44.276],[5.647,44.267],[5.633,44.291],[5.619,44.271],[5.571,44.264],[5.546,44.296],[5.567,44.302],[5.585,44.332],[5.571,44.333],[5.537,44.334],[5.522,44.351],[5.493,44.337],[5.469,44.352],[5.462,44.367],[5.444,44.368],[5.435,44.369],[5.443,44.392],[5.418,44.425],[5.439,44.434],[5.486,44.429],[5.494,44.428],[5.464,44.452],[5.459,44.489],[5.471,44.5],[5.511,44.492],[5.564,44.476],[5.604,44.465],[5.626,44.498],[5.665,44.502],[5.671,44.496],[5.681,44.482],[5.737,44.479],[5.759,44.482],[5.779,44.46],[5.802,44.459],[5.847,44.438],[5.846,44.426],[5.852,44.426],[5.91,44.405],[5.919,44.41],[5.953,44.395],[5.941,44.373],[5.926,44.35],[5.952,44.342],[5.982,44.377],[6.004,44.383],[6.027,44.377],[6.037,44.379],[6.063,44.4],[6.066,44.402],[6.093,44.428],[6.116,44.432],[6.12,44.434],[6.156,44.442],[6.162,44.434],[6.174,44.44],[6.227,44.382],[6.263,44.412],[6.264,44.412],[6.299,44.408],[6.333,44.423],[6.386,44.409],[6.387,44.398],[6.412,44.367],[6.457,44.33],[6.465,44.306],[6.467,44.301],[6.498,44.284],[6.533,44.288],[6.545,44.323],[6.624,44.298],[6.704,44.29],[6.728,44.253],[6.714,44.218],[6.701,44.177],[6.708,44.124],[6.719,44.118],[6.725,44.111],[6.75,44.087],[6.756,44.08],[6.746,44.043],[6.795,44.008],[6.839,43.99],[6.834,43.983],[6.848,43.965],[6.876,43.953],[6.892,43.93],[6.9,43.927],[6.913,43.928],[6.942,43.897],[6.938,43.897],[6.919,43.894],[6.892,43.89],[6.836,43.916],[6.832,43.918],[6.799,43.91],[6.782,43.884],[6.749,43.872],[6.717,43.88],[6.671,43.888],[6.696,43.876],[6.703,43.856],[6.678,43.852],[6.668,43.831],[6.703,43.824],[6.71,43.811],[6.636,43.791],[6.636,43.789],[6.637,43.781],[6.642,43.768],[6.611,43.749],[6.585,43.744],[6.538,43.755],[6.522,43.755],[6.514,43.756],[6.493,43.752],[6.448,43.713],[6.445,43.678],[6.425,43.686],[6.418,43.684],[6.353,43.682],[6.313,43.671],[6.328,43.655],[6.314,43.626],[6.353,43.584],[6.326,43.562],[6.306,43.537],[6.289,43.537],[6.245,43.587],[6.237,43.595],[6.189,43.593],[6.176,43.591],[6.117,43.564],[6.12,43.559],[6.091,43.532],[6.1,43.518],[6.054,43.514],[6.03,43.525],[5.983,43.527],[5.964,43.513],[5.926,43.491],[5.914,43.494],[5.862,43.488],[5.852,43.498],[5.841,43.543],[5.828,43.548],[5.783,43.538],[5.773,43.544],[5.725,43.551],[5.707,43.556],[5.669,43.565],[5.692,43.585],[5.681,43.611],[5.719,43.65],[5.771,43.661],[5.8,43.66],[5.813,43.689]]]]}},{"type":"Feature","properties":{"code":"200010650","nom":"CA du Grand Dole","Agence d'urbanisme":"AUDAB","SCoT":"1","Territoires partagés":0,"Agence d'urbansime - 1":null,"Agence d'urbanisme - 3":null,"epcis":["200010650","200023075","200036549","200041853","200041887","200068070","200069565","200069615","200071116","200072056","200090579","242500320","242500338","242500361","242504116","242504355","242504488","242504496","247000011","247000623","247000698"]},"geometry":{"type":"MultiPolygon","coordinates":[[[[5.73,46.375],[5.73,46.373],[5.755,46.356],[5.754,46.343],[5.72,46.34],[5.715,46.345],[5.683,46.316],[5.65,46.334],[5.637,46.336],[5.606,46.314],[5.605,46.309],[5.587,46.293],[5.565,46.294],[5.542,46.27],[5.511,46.264],[5.5,46.268],[5.474,46.264],[5.459,46.291],[5.465,46.324],[5.437,46.315],[5.424,46.348],[5.41,46.309],[5.404,46.315],[5.402,46.333],[5.374,46.352],[5.375,46.358],[5.365,46.373],[5.367,46.388],[5.309,46.41],[5.314,46.416],[5.311,46.447],[5.323,46.457],[5.323,46.463],[5.374,46.461],[5.376,46.463],[5.398,46.467],[5.42,46.48],[5.42,46.481],[5.421,46.496],[5.393,46.508],[5.36,46.524],[5.363,46.552],[5.368,46.567],[5.362,46.577],[5.376,46.58],[5.406,46.582],[5.399,46.613],[5.414,46.615],[5.434,46.628],[5.44,46.638],[5.427,46.66],[5.425,46.662],[5.422,46.673],[5.395,46.685],[5.408,46.699],[5.407,46.704],[5.396,46.716],[5.394,46.729],[5.362,46.733],[5.367,46.752],[5.39,46.771],[5.341,46.791],[5.328,46.813],[5.336,46.821],[5.375,46.827],[5.382,46.828],[5.409,46.833],[5.417,46.827],[5.463,46.829],[5.459,46.855],[5.434,46.861],[5.431,46.861],[5.425,46.86],[5.402,46.869],[5.404,46.89],[5.433,46.897],[5.449,46.898],[5.448,46.903],[5.484,46.908],[5.489,46.904],[5.498,46.898],[5.524,46.892],[5.538,46.872],[5.545,46.867],[5.551,46.86],[5.564,46.85],[5.563,46.841],[5.582,46.84],[5.582,46.836],[5.6,46.83],[5.59,46.814],[5.618,46.821],[5.621,46.816],[5.644,46.807],[5.663,46.787],[5.67,46.787],[5.688,46.776],[5.696,46.767],[5.694,46.759],[5.721,46.74],[5.742,46.741],[5.786,46.753],[5.782,46.747],[5.755,46.724],[5.775,46.717],[5.764,46.695],[5.769,46.693],[5.741,46.675],[5.756,46.656],[5.775,46.67],[5.815,46.677],[5.816,46.689],[5.84,46.682],[5.838,46.661],[5.882,46.653],[5.866,46.642],[5.863,46.635],[5.862,46.615],[5.883,46.612],[5.871,46.574],[5.871,46.564],[5.857,46.548],[5.852,46.544],[5.842,46.54],[5.818,46.507],[5.824,46.483],[5.829,46.482],[5.81,46.448],[5.795,46.449],[5.773,46.436],[5.757,46.422],[5.761,46.421],[5.73,46.375]]],[[[6.235,47.095],[6.279,47.091],[6.286,47.086],[6.277,47.067],[6.29,47.064],[6.316,47.041],[6.361,47.061],[6.398,47.077],[6.441,47.066],[6.456,47.057],[6.483,47.071],[6.493,47.077],[6.517,47.076],[6.521,47.073],[6.552,47.072],[6.581,47.086],[6.616,47.114],[6.605,47.11],[6.62,47.138],[6.629,47.148],[6.628,47.15],[6.621,47.15],[6.61,47.166],[6.601,47.17],[6.606,47.19],[6.61,47.197],[6.607,47.2],[6.642,47.206],[6.652,47.211],[6.693,47.227],[6.675,47.257],[6.686,47.27],[6.712,47.272],[6.708,47.282],[6.71,47.29],[6.706,47.291],[6.7,47.314],[6.705,47.33],[6.722,47.338],[6.731,47.337],[6.739,47.342],[6.758,47.347],[6.759,47.333],[6.778,47.327],[6.77,47.338],[6.767,47.364],[6.798,47.366],[6.827,47.361],[6.846,47.361],[6.879,47.35],[6.88,47.353],[6.901,47.359],[6.936,47.358],[6.989,47.364],[7.012,47.373],[7.05,47.361],[7.053,47.337],[7.01,47.325],[6.996,47.296],[6.948,47.291],[6.945,47.289],[6.956,47.243],[6.893,47.208],[6.861,47.18],[6.858,47.164],[6.826,47.144],[6.817,47.138],[6.744,47.11],[6.745,47.093],[6.715,47.088],[6.7,47.07],[6.712,47.048],[6.678,47.035],[6.634,46.998],[6.596,46.992],[6.584,46.988],[6.505,46.966],[6.496,46.974],[6.491,46.97],[6.473,46.957],[6.445,46.933],[6.448,46.911],[6.465,46.89],[6.461,46.862],[6.431,46.812],[6.442,46.798],[6.458,46.789],[6.438,46.762],[6.395,46.748],[6.36,46.723],[6.357,46.72],[6.298,46.695],[6.271,46.683],[6.257,46.67],[6.213,46.641],[6.175,46.614],[6.11,46.576],[6.138,46.558],[6.131,46.554],[6.088,46.583],[6.048,46.608],[6.054,46.613],[6.059,46.625],[6.082,46.637],[6.106,46.651],[6.07,46.69],[6.086,46.696],[6.104,46.704],[6.113,46.708],[6.131,46.719],[6.131,46.72],[6.137,46.724],[6.155,46.732],[6.164,46.734],[6.18,46.742],[6.203,46.773],[6.196,46.78],[6.149,46.816],[6.152,46.82],[6.106,46.846],[6.103,46.845],[6.093,46.843],[6.072,46.857],[6.047,46.846],[6.025,46.856],[6.028,46.86],[6.032,46.871],[6.006,46.873],[6.009,46.896],[5.984,46.921],[5.997,46.934],[5.966,46.948],[5.956,46.949],[5.98,46.964],[5.975,46.973],[5.969,46.976],[5.969,46.977],[5.954,46.981],[5.944,46.98],[5.945,46.989],[5.915,46.987],[5.922,47.014],[5.917,47.014],[5.885,46.998],[5.882,47.005],[5.847,47.003],[5.841,47.009],[5.84,47.015],[5.816,47.023],[5.81,47.047],[5.801,47.045],[5.792,47.023],[5.764,47.013],[5.75,47.017],[5.753,47.04],[5.785,47.055],[5.779,47.074],[5.79,47.102],[5.806,47.116],[5.828,47.141],[5.813,47.15],[5.812,47.169],[5.785,47.171],[5.785,47.189],[5.761,47.194],[5.757,47.197],[5.738,47.201],[5.727,47.218],[5.721,47.223],[5.714,47.236],[5.718,47.238],[5.699,47.265],[5.684,47.272],[5.676,47.276],[5.653,47.265],[5.646,47.259],[5.642,47.256],[5.611,47.259],[5.584,47.255],[5.573,47.262],[5.555,47.269],[5.522,47.306],[5.518,47.304],[5.509,47.308],[5.474,47.324],[5.495,47.339],[5.49,47.354],[5.489,47.356],[5.492,47.373],[5.498,47.389],[5.452,47.384],[5.433,47.393],[5.444,47.407],[5.43,47.421],[5.438,47.444],[5.436,47.45],[5.414,47.46],[5.38,47.451],[5.38,47.466],[5.408,47.477],[5.387,47.481],[5.391,47.489],[5.399,47.499],[5.436,47.49],[5.448,47.496],[5.454,47.507],[5.472,47.527],[5.486,47.527],[5.497,47.547],[5.491,47.563],[5.471,47.608],[5.426,47.632],[5.4,47.597],[5.389,47.595],[5.374,47.604],[5.372,47.618],[5.406,47.648],[5.399,47.653],[5.407,47.674],[5.444,47.671],[5.483,47.685],[5.507,47.677],[5.527,47.673],[5.567,47.707],[5.57,47.707],[5.597,47.672],[5.606,47.675],[5.653,47.677],[5.66,47.685],[5.667,47.686],[5.694,47.691],[5.709,47.684],[5.708,47.662],[5.741,47.667],[5.77,47.681],[5.802,47.673],[5.807,47.682],[5.857,47.681],[5.868,47.65],[5.868,47.646],[5.872,47.632],[5.912,47.628],[5.916,47.626],[5.899,47.615],[5.87,47.599],[5.87,47.584],[5.832,47.593],[5.829,47.577],[5.842,47.569],[5.897,47.561],[5.844,47.528],[5.863,47.524],[5.879,47.525],[5.904,47.51],[5.928,47.521],[5.944,47.513],[5.951,47.514],[5.981,47.531],[5.982,47.514],[5.983,47.506],[5.972,47.495],[5.974,47.488],[5.951,47.455],[5.949,47.451],[5.949,47.45],[5.934,47.459],[5.894,47.444],[5.893,47.417],[5.893,47.414],[5.907,47.399],[5.89,47.382],[5.924,47.358],[5.918,47.352],[5.927,47.345],[5.942,47.344],[5.964,47.337],[5.989,47.328],[5.997,47.34],[6.01,47.333],[6.024,47.332],[6.03,47.337],[6.051,47.349],[6.052,47.352],[6.055,47.351],[6.057,47.35],[6.082,47.361],[6.082,47.371],[6.103,47.361],[6.146,47.352],[6.162,47.362],[6.185,47.344],[6.185,47.341],[6.15,47.318],[6.178,47.317],[6.19,47.313],[6.203,47.314],[6.213,47.306],[6.217,47.293],[6.214,47.29],[6.201,47.285],[6.186,47.275],[6.208,47.253],[6.181,47.224],[6.191,47.21],[6.187,47.209],[6.195,47.195],[6.246,47.188],[6.203,47.17],[6.184,47.15],[6.189,47.139],[6.195,47.135],[6.224,47.138],[6.228,47.124],[6.253,47.113],[6.235,47.095]]],[[[5.52,46.986],[5.546,46.98],[5.532,46.957],[5.526,46.942],[5.524,46.942],[5.502,46.934],[5.479,46.949],[5.483,46.96],[5.497,46.971],[5.504,46.98],[5.495,47.011],[5.446,47.007],[5.439,47.02],[5.429,47.029],[5.4,47.02],[5.415,47.006],[5.42,46.998],[5.416,46.998],[5.386,46.997],[5.375,46.978],[5.342,46.995],[5.343,46.996],[5.353,47.002],[5.318,47.013],[5.275,47.027],[5.299,47.059],[5.302,47.061],[5.332,47.077],[5.346,47.077],[5.359,47.081],[5.363,47.078],[5.378,47.08],[5.391,47.09],[5.401,47.108],[5.412,47.12],[5.414,47.133],[5.429,47.137],[5.438,47.152],[5.449,47.16],[5.452,47.166],[5.453,47.194],[5.449,47.203],[5.474,47.213],[5.48,47.237],[5.485,47.238],[5.483,47.26],[5.488,47.28],[5.489,47.285],[5.505,47.284],[5.53,47.27],[5.519,47.245],[5.505,47.233],[5.512,47.231],[5.503,47.214],[5.514,47.204],[5.53,47.211],[5.537,47.208],[5.555,47.18],[5.568,47.19],[5.584,47.199],[5.591,47.203],[5.593,47.205],[5.62,47.194],[5.642,47.183],[5.668,47.19],[5.675,47.176],[5.676,47.174],[5.636,47.139],[5.627,47.135],[5.645,47.075],[5.607,47.066],[5.584,47.061],[5.572,47.058],[5.549,47.053],[5.511,47.023],[5.513,47.017],[5.535,47.011],[5.52,46.986]]],[[[6.368,47.519],[6.368,47.514],[6.348,47.506],[6.331,47.503],[6.32,47.488],[6.312,47.488],[6.303,47.492],[6.299,47.483],[6.294,47.466],[6.282,47.452],[6.289,47.448],[6.28,47.444],[6.263,47.445],[6.262,47.437],[6.251,47.425],[6.235,47.431],[6.242,47.411],[6.233,47.414],[6.212,47.426],[6.208,47.429],[6.207,47.431],[6.194,47.418],[6.186,47.414],[6.17,47.412],[6.178,47.407],[6.189,47.406],[6.173,47.398],[6.154,47.413],[6.152,47.41],[6.139,47.417],[6.137,47.448],[6.155,47.46],[6.153,47.466],[6.126,47.478],[6.118,47.49],[6.116,47.504],[6.089,47.509],[6.083,47.51],[6.083,47.534],[6.093,47.538],[6.111,47.553],[6.116,47.569],[6.067,47.572],[6.068,47.573],[6.048,47.619],[6.051,47.623],[6.052,47.624],[6.054,47.633],[6.047,47.64],[6.043,47.646],[6.079,47.662],[6.084,47.658],[6.093,47.656],[6.095,47.66],[6.096,47.677],[6.128,47.686],[6.128,47.689],[6.153,47.674],[6.18,47.677],[6.185,47.681],[6.188,47.676],[6.21,47.688],[6.214,47.685],[6.248,47.69],[6.256,47.67],[6.257,47.67],[6.251,47.639],[6.228,47.636],[6.219,47.626],[6.192,47.614],[6.207,47.597],[6.228,47.587],[6.232,47.561],[6.24,47.561],[6.262,47.568],[6.279,47.561],[6.29,47.533],[6.327,47.545],[6.368,47.519]]]]}},{"type":"Feature","properties":{"code":"200069052","nom":"CA Grand Belfort","Agence d'urbanisme":"AUTB","SCoT":"0","Territoires partagés":1,"Agence d'urbansime - 1":"ADU","Agence d'urbanisme - 3":null,"epcis":["200069052","200069060","249000241"]},"geometry":{"type":"MultiPolygon","coordinates":[[[[6.983,47.494],[6.988,47.473],[6.992,47.466],[6.97,47.447],[6.94,47.433],[6.935,47.447],[6.933,47.456],[6.907,47.473],[6.916,47.478],[6.907,47.495],[6.923,47.5],[6.943,47.485],[6.949,47.486],[6.945,47.513],[6.938,47.517],[6.935,47.518],[6.925,47.52],[6.907,47.527],[6.907,47.542],[6.89,47.55],[6.883,47.556],[6.86,47.548],[6.856,47.548],[6.831,47.546],[6.817,47.548],[6.807,47.563],[6.822,47.573],[6.821,47.574],[6.82,47.575],[6.791,47.596],[6.793,47.599],[6.789,47.605],[6.788,47.605],[6.781,47.625],[6.791,47.627],[6.79,47.648],[6.787,47.652],[6.779,47.676],[6.78,47.69],[6.77,47.703],[6.772,47.713],[6.76,47.739],[6.758,47.748],[6.775,47.767],[6.811,47.794],[6.824,47.813],[6.846,47.823],[6.865,47.785],[6.892,47.779],[6.902,47.777],[6.908,47.778],[6.922,47.772],[6.923,47.772],[6.999,47.746],[7.016,47.744],[7.021,47.735],[7.032,47.726],[7.038,47.722],[7.028,47.705],[7.038,47.693],[7.036,47.692],[7.039,47.688],[7.037,47.675],[7.041,47.672],[7.039,47.651],[7.019,47.651],[7.017,47.645],[7.011,47.63],[7.007,47.626],[7.005,47.62],[7.01,47.605],[7.009,47.6],[7.02,47.589],[7.025,47.593],[7.074,47.599],[7.078,47.597],[7.085,47.593],[7.086,47.586],[7.089,47.584],[7.094,47.573],[7.108,47.559],[7.106,47.552],[7.119,47.548],[7.132,47.54],[7.133,47.54],[7.138,47.531],[7.142,47.525],[7.13,47.503],[7.097,47.495],[7.037,47.499],[7.025,47.504],[6.983,47.494]]]]}},{"type":"Feature","properties":{"code":"200041333","nom":"CC de Parthenay-Gâtine","Agence d'urbanisme":"AURA","SCoT":"0","Territoires partagés":0,"Agence d'urbansime - 1":null,"Agence d'urbanisme - 3":null,"epcis":["200041333","200068955","200071553","200071868","244900015","244900809","244900882","247900798"]},"geometry":{"type":"MultiPolygon","coordinates":[[[[-0.323,46.612],[-0.34,46.598],[-0.34,46.582],[-0.362,46.552],[-0.388,46.573],[-0.405,46.549],[-0.409,46.545],[-0.412,46.544],[-0.454,46.542],[-0.459,46.572],[-0.473,46.578],[-0.468,46.597],[-0.485,46.616],[-0.532,46.578],[-0.526,46.59],[-0.556,46.617],[-0.566,46.627],[-0.527,46.653],[-0.483,46.646],[-0.473,46.653],[-0.462,46.653],[-0.444,46.647],[-0.422,46.662],[-0.412,46.686],[-0.405,46.687],[-0.377,46.699],[-0.374,46.727],[-0.38,46.755],[-0.34,46.763],[-0.314,46.785],[-0.258,46.744],[-0.247,46.747],[-0.236,46.749],[-0.196,46.771],[-0.181,46.75],[-0.152,46.76],[-0.137,46.742],[-0.107,46.753],[-0.104,46.762],[-0.096,46.769],[-0.077,46.77],[-0.059,46.746],[-0.031,46.753],[-0.022,46.776],[-0.012,46.754],[0.033,46.739],[0.036,46.728],[0.032,46.727],[0.004,46.718],[-0.007,46.683],[-0.032,46.669],[-0.066,46.623],[-0.03,46.627],[-0.005,46.645],[-0.014,46.615],[0.023,46.614],[0.043,46.591],[-0.008,46.568],[-0.01,46.555],[0.008,46.548],[-0.006,46.524],[-0.031,46.525],[-0.039,46.499],[-0.044,46.472],[-0.013,46.471],[-0.019,46.453],[-0.06,46.44],[-0.077,46.463],[-0.122,46.45],[-0.152,46.449],[-0.154,46.473],[-0.181,46.489],[-0.167,46.52],[-0.207,46.529],[-0.199,46.555],[-0.176,46.553],[-0.168,46.573],[-0.172,46.598],[-0.213,46.596],[-0.249,46.6],[-0.258,46.612],[-0.282,46.604],[-0.323,46.612]]],[[[-0.408,47.032],[-0.401,47.071],[-0.387,47.092],[-0.359,47.094],[-0.34,47.088],[-0.313,47.092],[-0.263,47.106],[-0.206,47.093],[-0.185,47.108],[-0.141,47.104],[-0.175,47.068],[-0.166,47.065],[-0.129,47.054],[-0.102,47.065],[-0.092,47.038],[-0.09,47.033],[-0.088,47.025],[-0.092,47.005],[-0.086,46.985],[-0.056,46.995],[-0.034,46.98],[-0.046,46.967],[-0.031,46.942],[-0.014,46.922],[-0.009,46.908],[-0.036,46.875],[0.034,46.854],[0.017,46.835],[0.015,46.834],[-0.008,46.848],[-0.046,46.832],[-0.056,46.847],[-0.098,46.847],[-0.066,46.885],[-0.117,46.905],[-0.116,46.866],[-0.158,46.866],[-0.186,46.866],[-0.191,46.868],[-0.225,46.839],[-0.268,46.845],[-0.3,46.843],[-0.334,46.847],[-0.33,46.869],[-0.31,46.883],[-0.302,46.9],[-0.34,46.892],[-0.353,46.894],[-0.372,46.91],[-0.347,46.922],[-0.327,46.952],[-0.346,46.98],[-0.409,47.007],[-0.408,47.032]]],[[[-0.334,47.34],[-0.358,47.338],[-0.35,47.301],[-0.38,47.276],[-0.393,47.269],[-0.406,47.244],[-0.401,47.22],[-0.454,47.218],[-0.473,47.198],[-0.496,47.211],[-0.548,47.208],[-0.534,47.234],[-0.586,47.243],[-0.616,47.256],[-0.594,47.297],[-0.598,47.301],[-0.618,47.299],[-0.648,47.277],[-0.678,47.287],[-0.708,47.309],[-0.729,47.316],[-0.769,47.308],[-0.769,47.31],[-0.811,47.331],[-0.812,47.371],[-0.834,47.389],[-0.845,47.394],[-0.896,47.405],[-0.916,47.402],[-0.923,47.427],[-0.948,47.423],[-0.959,47.481],[-0.966,47.492],[-1.013,47.489],[-1.044,47.506],[-1.039,47.549],[-1.033,47.572],[-1.025,47.599],[-1.059,47.601],[-1.124,47.619],[-1.138,47.619],[-1.157,47.636],[-1.163,47.66],[-1.18,47.665],[-1.175,47.694],[-1.181,47.697],[-1.196,47.722],[-1.215,47.719],[-1.256,47.743],[-1.242,47.743],[-1.246,47.777],[-1.24,47.802],[-1.238,47.81],[-1.178,47.785],[-1.14,47.782],[-1.075,47.774],[-1.006,47.768],[-0.987,47.763],[-0.979,47.762],[-0.972,47.783],[-0.96,47.796],[-0.932,47.794],[-0.893,47.764],[-0.839,47.752],[-0.835,47.77],[-0.816,47.771],[-0.732,47.742],[-0.719,47.741],[-0.669,47.741],[-0.654,47.733],[-0.646,47.737],[-0.611,47.736],[-0.585,47.759],[-0.533,47.751],[-0.507,47.785],[-0.454,47.756],[-0.429,47.768],[-0.382,47.761],[-0.373,47.743],[-0.357,47.731],[-0.309,47.717],[-0.287,47.719],[-0.233,47.707],[-0.202,47.725],[-0.174,47.714],[-0.22,47.69],[-0.197,47.663],[-0.193,47.648],[-0.159,47.647],[-0.135,47.632],[-0.105,47.657],[-0.055,47.648],[-0.004,47.648],[0.013,47.629],[0.01,47.624],[0.053,47.606],[0.111,47.606],[0.151,47.583],[0.202,47.616],[0.23,47.608],[0.234,47.578],[0.215,47.573],[0.199,47.541],[0.225,47.527],[0.22,47.502],[0.199,47.477],[0.181,47.453],[0.185,47.426],[0.153,47.399],[0.145,47.404],[0.132,47.419],[0.068,47.431],[0.053,47.44],[0.07,47.482],[0.034,47.492],[0.006,47.472],[-0.019,47.481],[-0.034,47.464],[-0.05,47.47],[-0.086,47.457],[-0.096,47.454],[-0.126,47.425],[-0.182,47.395],[-0.196,47.398],[-0.221,47.415],[-0.23,47.398],[-0.267,47.379],[-0.292,47.4],[-0.294,47.401],[-0.299,47.365],[-0.326,47.363],[-0.334,47.34]]]]}},{"type":"Feature","properties":{"code":"200043263","nom":"CC Coeur de l'Avesnois","Agence d'urbanisme":"ADUS","SCoT":"0","Territoires partagés":0,"Agence d'urbansime - 1":null,"Agence d'urbanisme - 3":null,"epcis":["200043263","200043321","200043396","200043404"]},"geometry":{"type":"MultiPolygon","coordinates":[[[[4.022,49.986],[3.981,49.994],[3.996,50.028],[3.989,50.042],[3.982,50.044],[3.95,50.027],[3.948,50.03],[3.923,50.027],[3.887,50.01],[3.878,50.028],[3.838,50.048],[3.816,50.039],[3.777,50.046],[3.775,50.049],[3.746,50.053],[3.715,50.069],[3.71,50.067],[3.696,50.09],[3.675,50.101],[3.644,50.119],[3.612,50.131],[3.607,50.129],[3.561,50.121],[3.554,50.121],[3.548,50.137],[3.546,50.142],[3.564,50.167],[3.559,50.171],[3.553,50.184],[3.565,50.2],[3.56,50.206],[3.557,50.207],[3.57,50.226],[3.578,50.249],[3.56,50.252],[3.559,50.265],[3.534,50.276],[3.533,50.278],[3.555,50.29],[3.556,50.299],[3.589,50.304],[3.602,50.312],[3.607,50.31],[3.63,50.326],[3.642,50.32],[3.652,50.323],[3.673,50.335],[3.685,50.327],[3.708,50.305],[3.71,50.303],[3.732,50.311],[3.734,50.332],[3.763,50.348],[3.811,50.345],[3.857,50.348],[3.886,50.327],[3.919,50.332],[3.967,50.341],[3.986,50.342],[4.028,50.358],[4.038,50.343],[4.078,50.321],[4.079,50.31],[4.123,50.298],[4.124,50.273],[4.135,50.26],[4.164,50.257],[4.15,50.274],[4.203,50.275],[4.221,50.259],[4.199,50.24],[4.15,50.214],[4.157,50.193],[4.155,50.167],[4.127,50.136],[4.197,50.135],[4.197,50.109],[4.227,50.08],[4.228,50.066],[4.172,50.047],[4.161,50.048],[4.135,50.015],[4.163,49.995],[4.142,49.979],[4.105,49.971],[4.08,49.98],[4.032,49.982],[4.022,49.986]]]]}},{"type":"Feature","properties":{"code":"200054807","nom":"Métropole d'Aix-Marseille-Provence","Agence d'urbanisme":"AGAM","SCoT":"0","Territoires partagés":1,"Agence d'urbansime - 1":"AUPA","Agence d'urbanisme - 3":null,"epcis":["200054807"]},"geometry":{"type":"MultiPolygon","coordinates":[[[[5.311,43.275],[5.298,43.281],[5.316,43.283],[5.311,43.275]]],[[[5.355,43.316],[5.339,43.335],[5.341,43.334],[5.35,43.323],[5.351,43.323],[5.351,43.322],[5.355,43.316]]],[[[5.444,43.205],[5.402,43.214],[5.382,43.21],[5.345,43.223],[5.373,43.246],[5.368,43.268],[5.371,43.293],[5.374,43.295],[5.345,43.336],[5.338,43.34],[5.305,43.361],[5.282,43.354],[5.237,43.332],[5.185,43.332],[5.135,43.329],[5.088,43.333],[5.054,43.325],[5.023,43.339],[5.017,43.358],[4.986,43.393],[5.057,43.404],[5.097,43.401],[5.123,43.397],[5.172,43.419],[5.22,43.449],[5.223,43.479],[5.203,43.491],[5.143,43.46],[5.122,43.488],[5.118,43.513],[5.109,43.525],[5.061,43.528],[5.046,43.521],[5.022,43.556],[5.014,43.556],[5.015,43.53],[4.999,43.508],[5.006,43.47],[5.052,43.464],[5.054,43.443],[5.061,43.42],[5.046,43.404],[5.005,43.404],[4.972,43.422],[4.929,43.433],[4.853,43.398],[4.845,43.402],[4.842,43.404],[4.858,43.367],[4.883,43.364],[4.844,43.332],[4.831,43.369],[4.753,43.409],[4.735,43.428],[4.747,43.455],[4.78,43.48],[4.823,43.474],[4.838,43.463],[4.854,43.466],[4.876,43.494],[4.928,43.511],[4.88,43.542],[4.89,43.559],[4.887,43.591],[4.92,43.616],[4.978,43.616],[4.989,43.618],[4.954,43.639],[4.969,43.658],[4.983,43.684],[4.979,43.717],[4.965,43.72],[4.954,43.728],[4.998,43.749],[5.018,43.75],[5.058,43.768],[5.091,43.772],[5.124,43.759],[5.138,43.753],[5.188,43.735],[5.236,43.748],[5.246,43.747],[5.264,43.744],[5.287,43.74],[5.326,43.729],[5.344,43.719],[5.371,43.709],[5.388,43.702],[5.413,43.693],[5.445,43.68],[5.465,43.715],[5.509,43.727],[5.554,43.7],[5.599,43.678],[5.619,43.669],[5.624,43.666],[5.683,43.693],[5.717,43.693],[5.753,43.725],[5.777,43.722],[5.793,43.693],[5.813,43.689],[5.8,43.66],[5.771,43.661],[5.719,43.65],[5.681,43.611],[5.692,43.585],[5.669,43.565],[5.707,43.556],[5.725,43.551],[5.716,43.504],[5.699,43.482],[5.728,43.467],[5.751,43.434],[5.788,43.42],[5.75,43.401],[5.739,43.393],[5.75,43.343],[5.704,43.354],[5.669,43.319],[5.691,43.313],[5.727,43.317],[5.763,43.282],[5.761,43.267],[5.701,43.247],[5.705,43.242],[5.682,43.235],[5.678,43.217],[5.676,43.191],[5.672,43.18],[5.625,43.187],[5.604,43.161],[5.556,43.188],[5.532,43.213],[5.51,43.198],[5.459,43.211],[5.444,43.205]]]]}},{"type":"Feature","properties":{"code":"200030195","nom":"Métropole Nice Côte d'Azur","Agence d'urbanisme":"AUA Agence d’Urbanisme Azuréenne","SCoT":"0","Territoires partagés":0,"Agence d'urbansime - 1":null,"Agence d'urbanisme - 3":null,"epcis":["200030195","200039857","200039915","200039931","240600551","240600585","240600593"]},"geometry":{"type":"MultiPolygon","coordinates":[[[[6.952,43.535],[6.937,43.517],[6.954,43.506],[6.933,43.48],[6.904,43.495],[6.884,43.503],[6.879,43.533],[6.906,43.564],[6.898,43.582],[6.912,43.598],[6.894,43.611],[6.883,43.606],[6.839,43.614],[6.824,43.624],[6.791,43.644],[6.762,43.666],[6.775,43.694],[6.767,43.722],[6.746,43.737],[6.712,43.74],[6.683,43.758],[6.657,43.749],[6.642,43.768],[6.637,43.781],[6.636,43.789],[6.636,43.791],[6.71,43.811],[6.703,43.824],[6.668,43.831],[6.678,43.852],[6.703,43.856],[6.696,43.876],[6.671,43.888],[6.717,43.88],[6.749,43.872],[6.782,43.884],[6.799,43.91],[6.832,43.918],[6.836,43.916],[6.892,43.89],[6.919,43.894],[6.938,43.897],[6.942,43.897],[6.913,43.928],[6.9,43.927],[6.892,43.93],[6.876,43.953],[6.848,43.965],[6.834,43.983],[6.839,43.99],[6.795,44.008],[6.746,44.043],[6.756,44.08],[6.75,44.087],[6.725,44.111],[6.719,44.118],[6.708,44.124],[6.701,44.177],[6.714,44.218],[6.728,44.253],[6.79,44.272],[6.797,44.317],[6.84,44.347],[6.863,44.347],[6.872,44.353],[6.887,44.361],[6.922,44.352],[6.928,44.332],[6.96,44.311],[6.96,44.294],[6.994,44.281],[6.997,44.252],[7.019,44.232],[7.039,44.224],[7.07,44.233],[7.114,44.218],[7.143,44.2],[7.163,44.208],[7.194,44.187],[7.221,44.168],[7.242,44.173],[7.262,44.148],[7.345,44.145],[7.358,44.116],[7.387,44.124],[7.427,44.113],[7.504,44.143],[7.576,44.154],[7.62,44.15],[7.629,44.164],[7.636,44.177],[7.684,44.174],[7.677,44.142],[7.675,44.118],[7.716,44.082],[7.703,44.043],[7.662,44.028],[7.663,44.015],[7.671,43.998],[7.632,43.965],[7.572,43.947],[7.56,43.897],[7.501,43.875],[7.497,43.851],[7.508,43.842],[7.519,43.802],[7.53,43.788],[7.488,43.765],[7.437,43.752],[7.413,43.735],[7.412,43.732],[7.383,43.723],[7.348,43.714],[7.343,43.714],[7.33,43.702],[7.325,43.701],[7.308,43.693],[7.258,43.694],[7.199,43.664],[7.178,43.656],[7.144,43.643],[7.13,43.618],[7.125,43.574],[7.087,43.57],[7.058,43.551],[6.968,43.544],[6.952,43.535]]]]}},{"type":"Feature","properties":{"code":"200005932","nom":"CC des Portes de Sologne","Agence d'urbanisme":"TOPOS","SCoT":"0","Territoires partagés":0,"Agence d'urbansime - 1":null,"Agence d'urbanisme - 3":null,"epcis":["200005932","200035764","200070183","244500427","244500468"]},"geometry":{"type":"MultiPolygon","coordinates":[[[[1.938,47.679],[1.914,47.675],[1.87,47.674],[1.854,47.69],[1.845,47.657],[1.803,47.648],[1.794,47.636],[1.782,47.652],[1.746,47.657],[1.719,47.696],[1.728,47.7],[1.714,47.733],[1.656,47.747],[1.627,47.761],[1.614,47.736],[1.583,47.727],[1.583,47.73],[1.601,47.741],[1.548,47.77],[1.571,47.787],[1.57,47.797],[1.527,47.819],[1.531,47.829],[1.473,47.847],[1.462,47.838],[1.451,47.829],[1.442,47.834],[1.418,47.848],[1.458,47.87],[1.432,47.92],[1.416,47.92],[1.405,47.914],[1.389,47.864],[1.35,47.876],[1.346,47.9],[1.358,47.92],[1.378,47.941],[1.37,47.954],[1.383,47.978],[1.406,47.97],[1.437,47.977],[1.433,48.009],[1.458,48.008],[1.499,47.985],[1.52,47.982],[1.518,48.012],[1.512,48.028],[1.545,48.044],[1.587,48.031],[1.621,48.048],[1.622,48.064],[1.659,48.077],[1.678,48.066],[1.689,48.078],[1.709,48.067],[1.771,48.07],[1.8,48.084],[1.803,48.089],[1.838,48.081],[1.865,48.095],[1.89,48.106],[1.9,48.127],[1.912,48.129],[1.92,48.146],[1.955,48.141],[1.953,48.126],[1.966,48.113],[1.962,48.108],[1.991,48.092],[1.971,48.066],[1.936,48.063],[1.933,48.045],[1.959,48.014],[1.948,48.001],[1.998,48.002],[2.003,47.972],[2.042,47.969],[2.046,47.968],[2.021,47.949],[2.046,47.935],[2.045,47.934],[2.068,47.926],[2.12,47.942],[2.137,47.952],[2.147,47.976],[2.141,48.003],[2.151,48.02],[2.195,48.021],[2.196,48.021],[2.241,48.033],[2.253,48.03],[2.259,48.023],[2.26,48.011],[2.303,47.986],[2.333,47.987],[2.376,47.977],[2.412,47.972],[2.418,47.961],[2.403,47.949],[2.397,47.936],[2.356,47.915],[2.378,47.901],[2.407,47.888],[2.428,47.857],[2.415,47.84],[2.383,47.849],[2.359,47.842],[2.313,47.846],[2.312,47.837],[2.304,47.838],[2.287,47.849],[2.245,47.855],[2.242,47.853],[2.244,47.828],[2.236,47.82],[2.225,47.821],[2.228,47.807],[2.217,47.757],[2.175,47.737],[2.143,47.735],[2.187,47.705],[2.204,47.679],[2.113,47.67],[2.075,47.682],[2.066,47.674],[2.009,47.679],[1.982,47.666],[1.956,47.662],[1.938,47.679]]]]}},{"type":"Feature","properties":{"code":"200035731","nom":"CA Roannais Agglomération","Agence d'urbanisme":"EPURES","SCoT":"1","Territoires partagés":0,"Agence d'urbansime - 1":null,"Agence d'urbanisme - 3":null,"epcis":["200035731","200065886","200065894","244200614","244200622","244200630","244200770","244200820"]},"geometry":{"type":"MultiPolygon","coordinates":[[[[4.638,45.326],[4.643,45.319],[4.634,45.315],[4.612,45.292],[4.598,45.289],[4.599,45.269],[4.605,45.264],[4.585,45.244],[4.568,45.248],[4.509,45.231],[4.483,45.237],[4.479,45.238],[4.457,45.253],[4.419,45.275],[4.371,45.26],[4.361,45.292],[4.366,45.301],[4.332,45.318],[4.368,45.337],[4.336,45.367],[4.308,45.371],[4.271,45.36],[4.271,45.375],[4.245,45.385],[4.239,45.385],[4.227,45.39],[4.162,45.389],[4.144,45.384],[4.108,45.355],[4.099,45.36],[4.071,45.336],[4.036,45.354],[4.021,45.328],[4.015,45.334],[4.002,45.356],[3.978,45.376],[3.938,45.371],[3.919,45.342],[3.906,45.333],[3.903,45.339],[3.897,45.357],[3.889,45.395],[3.898,45.41],[3.914,45.423],[3.963,45.436],[3.963,45.438],[3.96,45.444],[3.975,45.448],[3.967,45.472],[3.985,45.486],[3.973,45.5],[3.965,45.503],[3.959,45.514],[3.946,45.545],[3.954,45.556],[3.94,45.572],[3.932,45.58],[3.908,45.597],[3.869,45.613],[3.861,45.616],[3.824,45.632],[3.821,45.637],[3.806,45.656],[3.795,45.673],[3.778,45.691],[3.781,45.725],[3.746,45.741],[3.727,45.756],[3.73,45.76],[3.733,45.762],[3.713,45.801],[3.728,45.831],[3.719,45.85],[3.721,45.851],[3.729,45.863],[3.715,45.871],[3.754,45.886],[3.729,45.914],[3.694,45.931],[3.71,45.974],[3.736,45.967],[3.778,45.972],[3.81,45.985],[3.832,45.999],[3.832,46.0],[3.825,46.006],[3.806,46.053],[3.821,46.09],[3.793,46.112],[3.802,46.13],[3.791,46.157],[3.808,46.162],[3.789,46.186],[3.791,46.21],[3.773,46.227],[3.778,46.243],[3.803,46.239],[3.804,46.257],[3.85,46.262],[3.886,46.274],[3.9,46.276],[3.909,46.261],[3.89,46.214],[3.909,46.208],[3.965,46.203],[3.989,46.17],[4.031,46.172],[4.022,46.157],[4.046,46.134],[4.048,46.13],[4.105,46.111],[4.094,46.07],[4.113,46.069],[4.152,46.077],[4.161,46.087],[4.198,46.091],[4.235,46.091],[4.258,46.076],[4.242,46.058],[4.254,46.052],[4.261,46.037],[4.28,46.022],[4.311,46.008],[4.3,45.989],[4.244,45.997],[4.248,45.987],[4.276,45.978],[4.294,45.953],[4.346,45.93],[4.346,45.916],[4.324,45.904],[4.343,45.877],[4.363,45.864],[4.395,45.865],[4.396,45.86],[4.391,45.837],[4.376,45.825],[4.388,45.803],[4.376,45.782],[4.349,45.771],[4.359,45.751],[4.391,45.755],[4.403,45.744],[4.366,45.699],[4.361,45.705],[4.328,45.701],[4.319,45.691],[4.32,45.674],[4.333,45.66],[4.344,45.645],[4.366,45.647],[4.393,45.654],[4.409,45.637],[4.41,45.632],[4.405,45.614],[4.378,45.608],[4.383,45.586],[4.402,45.566],[4.419,45.566],[4.422,45.566],[4.444,45.554],[4.454,45.567],[4.466,45.576],[4.468,45.586],[4.505,45.577],[4.548,45.58],[4.57,45.583],[4.587,45.571],[4.603,45.571],[4.624,45.57],[4.643,45.543],[4.645,45.541],[4.659,45.543],[4.649,45.565],[4.658,45.564],[4.687,45.558],[4.685,45.555],[4.666,45.543],[4.665,45.543],[4.651,45.531],[4.65,45.497],[4.664,45.485],[4.682,45.48],[4.679,45.467],[4.672,45.455],[4.639,45.45],[4.638,45.451],[4.632,45.445],[4.612,45.393],[4.586,45.384],[4.618,45.359],[4.622,45.344],[4.638,45.326]]]]}},{"type":"Feature","properties":{"code":"200030674","nom":"CA Val de Garonne Agglomération","Agence d'urbanisme":"A'URBA","SCoT":"0","Territoires partagés":0,"Agence d'urbansime - 1":null,"Agence d'urbanisme - 3":null,"epcis":["200030674","200070092","200071827","243300316","243301165","243301215","243301249","243301264","243301439","243301447"]},"geometry":{"type":"MultiPolygon","coordinates":[[[[0.28,44.354],[0.262,44.354],[0.253,44.363],[0.205,44.358],[0.189,44.359],[0.191,44.366],[0.163,44.394],[0.168,44.397],[0.153,44.433],[0.127,44.443],[0.137,44.415],[0.081,44.423],[0.075,44.433],[0.07,44.434],[0.043,44.418],[0.049,44.433],[0.014,44.44],[-0.005,44.424],[0.005,44.445],[-0.003,44.461],[-0.016,44.49],[-0.016,44.505],[0.0,44.519],[0.005,44.522],[-0.001,44.552],[0.021,44.542],[0.033,44.551],[0.038,44.554],[0.069,44.548],[0.082,44.584],[0.11,44.59],[0.117,44.594],[0.151,44.609],[0.158,44.606],[0.171,44.61],[0.223,44.593],[0.249,44.588],[0.248,44.582],[0.24,44.568],[0.262,44.562],[0.281,44.576],[0.32,44.563],[0.333,44.571],[0.344,44.559],[0.323,44.543],[0.332,44.539],[0.374,44.546],[0.399,44.534],[0.401,44.524],[0.392,44.514],[0.36,44.496],[0.335,44.478],[0.328,44.476],[0.327,44.442],[0.369,44.457],[0.388,44.441],[0.422,44.439],[0.431,44.438],[0.415,44.397],[0.447,44.379],[0.451,44.383],[0.458,44.38],[0.462,44.356],[0.463,44.339],[0.446,44.335],[0.408,44.341],[0.4,44.357],[0.371,44.35],[0.353,44.331],[0.336,44.341],[0.309,44.341],[0.299,44.363],[0.28,44.354]]],[[[-0.252,44.767],[-0.263,44.768],[-0.288,44.755],[-0.311,44.736],[-0.299,44.712],[-0.316,44.693],[-0.324,44.691],[-0.343,44.683],[-0.347,44.684],[-0.355,44.692],[-0.357,44.697],[-0.359,44.698],[-0.403,44.692],[-0.404,44.706],[-0.413,44.707],[-0.434,44.703],[-0.457,44.669],[-0.442,44.655],[-0.458,44.63],[-0.489,44.627],[-0.489,44.617],[-0.489,44.612],[-0.467,44.606],[-0.488,44.575],[-0.546,44.572],[-0.566,44.546],[-0.602,44.553],[-0.616,44.582],[-0.609,44.604],[-0.662,44.609],[-0.73,44.672],[-0.771,44.693],[-0.805,44.711],[-0.837,44.737],[-0.881,44.76],[-0.905,44.808],[-0.885,44.85],[-0.881,44.858],[-0.884,44.886],[-0.843,44.896],[-0.832,44.925],[-0.798,44.919],[-0.795,44.945],[-0.755,44.967],[-0.745,44.987],[-0.715,45.015],[-0.711,45.032],[-0.733,45.061],[-0.729,45.063],[-0.734,45.082],[-0.746,45.091],[-0.742,45.096],[-0.764,45.112],[-0.76,45.136],[-0.693,45.145],[-0.687,45.11],[-0.686,45.102],[-0.684,45.089],[-0.677,45.079],[-0.667,45.071],[-0.659,45.065],[-0.653,45.059],[-0.638,45.044],[-0.637,45.041],[-0.595,45.024],[-0.597,45.04],[-0.591,45.038],[-0.556,45.034],[-0.525,45.017],[-0.495,45.003],[-0.491,45.004],[-0.483,45.003],[-0.473,44.98],[-0.455,44.953],[-0.452,44.945],[-0.436,44.936],[-0.399,44.947],[-0.391,44.944],[-0.383,44.939],[-0.35,44.935],[-0.331,44.933],[-0.318,44.927],[-0.317,44.915],[-0.311,44.901],[-0.3,44.889],[-0.285,44.918],[-0.25,44.915],[-0.256,44.939],[-0.251,44.952],[-0.262,44.969],[-0.253,44.975],[-0.249,45.003],[-0.284,45.012],[-0.288,45.014],[-0.317,45.048],[-0.32,45.05],[-0.335,45.07],[-0.32,45.092],[-0.298,45.115],[-0.313,45.137],[-0.308,45.15],[-0.275,45.141],[-0.246,45.108],[-0.221,45.108],[-0.21,45.1],[-0.162,45.092],[-0.141,45.09],[-0.111,45.115],[-0.088,45.122],[-0.057,45.099],[-0.04,45.103],[0.007,45.118],[0.045,45.115],[0.071,45.076],[0.072,45.075],[0.073,45.07],[0.041,45.022],[0.039,45.024],[0.04,44.994],[0.018,44.981],[0.009,44.963],[-0.004,44.967],[-0.016,44.972],[-0.02,44.987],[-0.051,44.996],[-0.089,44.996],[-0.105,45.0],[-0.121,44.991],[-0.128,44.994],[-0.173,44.965],[-0.176,44.963],[-0.186,44.956],[-0.208,44.941],[-0.174,44.931],[-0.202,44.915],[-0.211,44.893],[-0.208,44.89],[-0.219,44.858],[-0.194,44.835],[-0.227,44.829],[-0.24,44.812],[-0.221,44.8],[-0.209,44.792],[-0.216,44.783],[-0.223,44.785],[-0.242,44.779],[-0.252,44.767]],[[-0.47,44.792],[-0.455,44.801],[-0.454,44.802],[-0.421,44.811],[-0.415,44.809],[-0.393,44.82],[-0.383,44.826],[-0.369,44.811],[-0.368,44.811],[-0.352,44.819],[-0.345,44.805],[-0.329,44.809],[-0.341,44.835],[-0.361,44.833],[-0.362,44.84],[-0.361,44.852],[-0.413,44.863],[-0.411,44.872],[-0.449,44.866],[-0.46,44.865],[-0.472,44.866],[-0.496,44.842],[-0.501,44.83],[-0.475,44.825],[-0.498,44.806],[-0.47,44.792]]],[[[0.212,45.789],[0.217,45.804],[0.241,45.804],[0.287,45.792],[0.294,45.778],[0.281,45.764],[0.303,45.747],[0.302,45.742],[0.31,45.719],[0.323,45.714],[0.314,45.684],[0.329,45.659],[0.307,45.652],[0.356,45.629],[0.354,45.619],[0.385,45.62],[0.397,45.614],[0.362,45.573],[0.342,45.575],[0.34,45.571],[0.329,45.557],[0.309,45.527],[0.276,45.533],[0.248,45.53],[0.197,45.547],[0.173,45.565],[0.151,45.544],[0.164,45.526],[0.146,45.526],[0.121,45.477],[0.097,45.491],[0.101,45.51],[0.061,45.513],[0.041,45.53],[0.04,45.53],[0.017,45.542],[0.019,45.544],[-0.002,45.55],[-0.029,45.559],[-0.022,45.575],[-0.011,45.601],[-0.002,45.604],[-0.002,45.627],[0.029,45.641],[0.033,45.645],[0.015,45.666],[0.028,45.691],[0.025,45.692],[0.011,45.724],[0.02,45.728],[0.052,45.738],[0.049,45.752],[0.082,45.768],[0.091,45.766],[0.096,45.732],[0.142,45.734],[0.149,45.736],[0.188,45.754],[0.221,45.751],[0.228,45.754],[0.212,45.789]]]]}},{"type":"Feature","properties":{"code":"200034379","nom":"CC Pays d'Uzès","Agence d'urbanisme":"AUDRNA","SCoT":"1","Territoires partagés":0,"Agence d'urbansime - 1":null,"Agence d'urbanisme - 3":null,"epcis":["200034379","200034411","200066918","243000296","243000569","243000585","243000593","243000643","243000650","243000684","243400520"]},"geometry":{"type":"MultiPolygon","coordinates":[[[[4.149,43.477],[4.122,43.494],[4.139,43.532],[4.101,43.555],[4.109,43.569],[4.075,43.589],[4.086,43.598],[4.111,43.616],[4.101,43.641],[4.089,43.658],[4.078,43.663],[4.055,43.685],[4.065,43.698],[4.05,43.716],[4.056,43.738],[4.05,43.742],[4.037,43.748],[4.033,43.763],[4.011,43.761],[4.006,43.776],[3.976,43.785],[3.974,43.801],[3.959,43.805],[3.981,43.843],[3.958,43.854],[3.938,43.853],[3.922,43.858],[3.92,43.881],[3.857,43.877],[3.831,43.866],[3.8,43.891],[3.824,43.918],[3.82,43.942],[3.796,43.942],[3.788,43.967],[3.797,43.995],[3.801,43.993],[3.792,44.029],[3.783,44.041],[3.782,44.043],[3.818,44.048],[3.849,44.022],[3.864,44.017],[3.867,44.022],[3.879,44.045],[3.885,44.053],[3.856,44.063],[3.842,44.081],[3.84,44.114],[3.82,44.132],[3.832,44.137],[3.874,44.13],[3.894,44.147],[3.912,44.16],[3.927,44.161],[3.932,44.181],[3.974,44.164],[3.966,44.172],[3.947,44.216],[3.951,44.217],[3.955,44.25],[3.971,44.25],[3.947,44.267],[3.94,44.284],[3.925,44.301],[3.923,44.305],[3.949,44.324],[3.911,44.37],[3.886,44.388],[3.889,44.393],[3.9,44.393],[3.946,44.382],[3.985,44.381],[4.019,44.38],[4.018,44.393],[4.044,44.385],[4.053,44.379],[4.053,44.359],[4.036,44.33],[4.047,44.319],[4.052,44.317],[4.036,44.286],[4.056,44.278],[4.06,44.275],[4.111,44.264],[4.125,44.249],[4.13,44.251],[4.157,44.249],[4.162,44.249],[4.203,44.225],[4.203,44.223],[4.219,44.209],[4.215,44.2],[4.202,44.18],[4.209,44.175],[4.218,44.157],[4.227,44.152],[4.258,44.146],[4.256,44.182],[4.299,44.176],[4.309,44.197],[4.317,44.197],[4.349,44.204],[4.389,44.201],[4.43,44.192],[4.409,44.179],[4.418,44.144],[4.448,44.134],[4.457,44.13],[4.49,44.126],[4.49,44.115],[4.497,44.106],[4.527,44.103],[4.519,44.077],[4.541,44.073],[4.553,44.071],[4.559,44.06],[4.585,44.061],[4.605,44.047],[4.609,44.046],[4.62,44.029],[4.63,44.018],[4.637,43.99],[4.654,43.966],[4.673,43.951],[4.68,43.927],[4.726,43.931],[4.735,43.917],[4.709,43.898],[4.662,43.871],[4.642,43.868],[4.667,43.847],[4.643,43.832],[4.655,43.803],[4.652,43.783],[4.628,43.758],[4.612,43.725],[4.625,43.696],[4.602,43.686],[4.54,43.707],[4.486,43.699],[4.476,43.671],[4.451,43.664],[4.426,43.623],[4.473,43.603],[4.449,43.583],[4.426,43.585],[4.409,43.561],[4.354,43.547],[4.318,43.557],[4.325,43.528],[4.298,43.515],[4.244,43.501],[4.238,43.497],[4.23,43.46],[4.149,43.477]]]]}},{"type":"Feature","properties":{"code":"200041960","nom":"CC Pévèle-Carembault","Agence d'urbanisme":"ADULM","SCoT":"0","Territoires partagés":0,"Agence d'urbansime - 1":null,"Agence d'urbanisme - 3":null,"epcis":["200041960","200093201"]},"geometry":{"type":"MultiPolygon","coordinates":[[[[3.276,50.582],[3.276,50.559],[3.286,50.528],[3.329,50.508],[3.335,50.508],[3.33,50.499],[3.355,50.477],[3.359,50.472],[3.333,50.456],[3.332,50.454],[3.31,50.457],[3.32,50.445],[3.307,50.434],[3.257,50.437],[3.254,50.421],[3.22,50.414],[3.214,50.426],[3.174,50.442],[3.153,50.436],[3.167,50.459],[3.133,50.467],[3.118,50.466],[3.105,50.452],[3.082,50.444],[3.067,50.459],[3.059,50.456],[3.042,50.445],[3.016,50.442],[3.008,50.456],[3.017,50.468],[3.017,50.473],[3.01,50.49],[3.008,50.493],[2.994,50.497],[2.965,50.513],[2.951,50.512],[2.927,50.508],[2.91,50.5],[2.905,50.504],[2.882,50.508],[2.887,50.533],[2.887,50.538],[2.882,50.536],[2.862,50.53],[2.853,50.529],[2.812,50.529],[2.804,50.527],[2.799,50.529],[2.794,50.549],[2.813,50.55],[2.808,50.579],[2.789,50.583],[2.792,50.586],[2.829,50.619],[2.831,50.62],[2.862,50.628],[2.87,50.631],[2.845,50.652],[2.821,50.661],[2.809,50.669],[2.81,50.671],[2.856,50.686],[2.87,50.703],[2.901,50.693],[2.923,50.703],[2.937,50.73],[2.94,50.746],[2.983,50.757],[3.036,50.77],[3.059,50.781],[3.09,50.774],[3.108,50.786],[3.148,50.79],[3.161,50.773],[3.184,50.749],[3.197,50.737],[3.213,50.713],[3.245,50.713],[3.254,50.691],[3.242,50.667],[3.245,50.651],[3.251,50.636],[3.259,50.628],[3.272,50.605],[3.276,50.582]]]]}},{"type":"Feature","properties":{"code":"200067965","nom":"CA de la Région de Compiègne et de la Basse Automne","Agence d'urbanisme":"OLV","SCoT":"0","Territoires partagés":0,"Agence d'urbansime - 1":null,"Agence d'urbanisme - 3":null,"epcis":["200067965","200067999","200068047","246000129","246000749","246000897","246000921"]},"geometry":{"type":"MultiPolygon","coordinates":[[[[2.485,49.216],[2.469,49.203],[2.461,49.203],[2.423,49.214],[2.398,49.205],[2.395,49.224],[2.364,49.233],[2.359,49.24],[2.353,49.241],[2.369,49.266],[2.378,49.262],[2.392,49.29],[2.38,49.29],[2.397,49.309],[2.432,49.321],[2.423,49.336],[2.431,49.346],[2.44,49.348],[2.444,49.358],[2.469,49.362],[2.485,49.36],[2.498,49.36],[2.514,49.36],[2.545,49.38],[2.536,49.404],[2.541,49.416],[2.551,49.421],[2.551,49.43],[2.563,49.433],[2.597,49.44],[2.603,49.437],[2.639,49.443],[2.654,49.456],[2.657,49.479],[2.661,49.487],[2.696,49.476],[2.706,49.475],[2.717,49.471],[2.726,49.465],[2.731,49.454],[2.774,49.44],[2.779,49.444],[2.805,49.442],[2.844,49.453],[2.847,49.453],[2.851,49.454],[2.865,49.455],[2.874,49.461],[2.909,49.45],[2.942,49.459],[2.97,49.47],[2.976,49.489],[2.992,49.493],[3.035,49.483],[3.035,49.496],[3.056,49.498],[3.058,49.5],[3.089,49.522],[3.096,49.518],[3.106,49.504],[3.122,49.494],[3.107,49.468],[3.13,49.462],[3.155,49.454],[3.166,49.447],[3.165,49.441],[3.131,49.432],[3.101,49.439],[3.093,49.425],[3.094,49.421],[3.095,49.398],[3.09,49.398],[3.08,49.374],[3.077,49.356],[3.069,49.347],[3.036,49.326],[3.013,49.337],[3.002,49.34],[2.965,49.322],[2.936,49.329],[2.907,49.342],[2.88,49.332],[2.847,49.325],[2.822,49.308],[2.823,49.308],[2.836,49.288],[2.822,49.274],[2.802,49.271],[2.8,49.256],[2.76,49.251],[2.739,49.263],[2.739,49.276],[2.707,49.273],[2.702,49.267],[2.665,49.26],[2.635,49.278],[2.622,49.278],[2.607,49.278],[2.586,49.279],[2.574,49.277],[2.566,49.258],[2.549,49.251],[2.531,49.243],[2.512,49.256],[2.488,49.237],[2.485,49.216]]],[[[2.076,49.634],[2.098,49.63],[2.114,49.611],[2.117,49.602],[2.143,49.617],[2.129,49.621],[2.122,49.634],[2.134,49.646],[2.152,49.635],[2.147,49.622],[2.164,49.612],[2.176,49.591],[2.177,49.576],[2.189,49.571],[2.199,49.561],[2.191,49.548],[2.192,49.547],[2.182,49.526],[2.156,49.533],[2.147,49.521],[2.17,49.507],[2.156,49.485],[2.165,49.478],[2.195,49.487],[2.203,49.51],[2.23,49.5],[2.244,49.509],[2.266,49.496],[2.247,49.466],[2.261,49.459],[2.295,49.464],[2.321,49.446],[2.341,49.426],[2.357,49.415],[2.373,49.411],[2.362,49.39],[2.374,49.368],[2.348,49.359],[2.308,49.368],[2.298,49.36],[2.279,49.369],[2.27,49.345],[2.251,49.331],[2.234,49.339],[2.234,49.363],[2.237,49.369],[2.207,49.384],[2.196,49.388],[2.188,49.375],[2.182,49.371],[2.137,49.371],[2.127,49.37],[2.106,49.378],[2.104,49.377],[2.108,49.329],[2.078,49.315],[2.062,49.323],[2.079,49.333],[2.025,49.353],[1.997,49.342],[1.971,49.348],[1.936,49.368],[1.942,49.387],[1.976,49.4],[1.98,49.416],[1.952,49.419],[1.949,49.432],[1.949,49.433],[1.955,49.447],[1.934,49.453],[1.938,49.478],[1.939,49.479],[1.945,49.482],[1.984,49.484],[1.99,49.494],[1.978,49.5],[1.967,49.524],[1.98,49.53],[1.998,49.516],[2.033,49.535],[2.041,49.535],[2.054,49.528],[2.071,49.537],[2.074,49.538],[2.094,49.54],[2.092,49.566],[2.062,49.584],[2.056,49.583],[2.067,49.629],[2.076,49.634]]]]}},{"type":"Feature","properties":{"code":"200068120","nom":"CA Quimper Bretagne Occidentale","Agence d'urbanisme":"QCD","SCoT":"0","Territoires partagés":0,"Agence d'urbansime - 1":null,"Agence d'urbanisme - 3":null,"epcis":["200068120","242900629","242900645","242900660","242900702","242900710","242900769"]},"geometry":{"type":"MultiPolygon","coordinates":[[[[-4.17,47.896],[-4.138,47.895],[-4.121,47.865],[-4.151,47.855],[-4.162,47.849],[-4.166,47.857],[-4.185,47.881],[-4.194,47.853],[-4.159,47.831],[-4.176,47.805],[-4.208,47.801],[-4.226,47.793],[-4.273,47.801],[-4.301,47.801],[-4.362,47.796],[-4.38,47.822],[-4.35,47.83],[-4.348,47.849],[-4.353,47.863],[-4.363,47.889],[-4.374,47.906],[-4.399,47.937],[-4.411,47.948],[-4.462,47.986],[-4.537,48.012],[-4.535,48.025],[-4.566,48.0],[-4.603,48.015],[-4.633,48.029],[-4.7,48.028],[-4.706,48.047],[-4.663,48.069],[-4.621,48.068],[-4.583,48.08],[-4.54,48.088],[-4.486,48.087],[-4.457,48.097],[-4.379,48.108],[-4.297,48.092],[-4.285,48.108],[-4.235,48.095],[-4.202,48.112],[-4.192,48.131],[-4.172,48.128],[-4.135,48.144],[-4.118,48.128],[-4.079,48.122],[-4.073,48.126],[-4.054,48.162],[-4.017,48.159],[-4.011,48.144],[-3.935,48.152],[-3.909,48.126],[-3.898,48.119],[-3.901,48.098],[-3.871,48.081],[-3.915,48.055],[-3.85,48.038],[-3.81,48.067],[-3.796,48.059],[-3.813,47.996],[-3.76,47.997],[-3.751,47.971],[-3.757,47.901],[-3.732,47.883],[-3.732,47.85],[-3.748,47.848],[-3.755,47.844],[-3.739,47.799],[-3.762,47.79],[-3.811,47.794],[-3.868,47.811],[-3.896,47.849],[-3.95,47.893],[-3.946,47.905],[-3.99,47.897],[-3.978,47.854],[-4.04,47.844],[-4.068,47.871],[-4.098,47.862],[-4.106,47.881],[-4.117,47.896],[-4.141,47.901],[-4.144,47.914],[-4.131,47.93],[-4.114,47.932],[-4.109,47.937],[-4.11,47.942],[-4.08,47.935],[-4.069,47.933],[-4.093,47.942],[-4.096,47.97],[-4.119,47.965],[-4.112,47.961],[-4.114,47.945],[-4.111,47.937],[-4.118,47.932],[-4.129,47.932],[-4.141,47.926],[-4.149,47.913],[-4.146,47.897],[-4.176,47.907],[-4.17,47.896]]]]}},{"type":"Feature","properties":{"code":"200042174","nom":"CA Lorient Agglomération","Agence d'urbanisme":"Audelor","SCoT":"0","Territoires partagés":0,"Agence d'urbansime - 1":null,"Agence d'urbanisme - 3":null,"epcis":["200042174","242900694"]},"geometry":{"type":"MultiPolygon","coordinates":[[[[-3.506,47.64],[-3.497,47.654],[-3.427,47.641],[-3.463,47.62],[-3.506,47.64]]],[[[-3.322,47.694],[-3.323,47.699],[-3.301,47.691],[-3.304,47.69],[-3.322,47.694]]],[[[-3.265,47.705],[-3.284,47.704],[-3.341,47.709],[-3.343,47.716],[-3.348,47.735],[-3.315,47.745],[-3.3,47.743],[-3.301,47.742],[-3.278,47.73],[-3.265,47.705]]],[[[-3.385,47.703],[-3.412,47.702],[-3.453,47.695],[-3.502,47.738],[-3.53,47.774],[-3.523,47.797],[-3.54,47.763],[-3.616,47.77],[-3.651,47.78],[-3.687,47.779],[-3.723,47.803],[-3.697,47.819],[-3.651,47.822],[-3.696,47.822],[-3.725,47.805],[-3.742,47.812],[-3.748,47.848],[-3.732,47.85],[-3.732,47.883],[-3.757,47.901],[-3.751,47.971],[-3.76,47.997],[-3.813,47.996],[-3.796,48.059],[-3.77,48.086],[-3.733,48.096],[-3.695,48.094],[-3.692,48.063],[-3.674,48.059],[-3.661,48.015],[-3.641,47.986],[-3.613,47.985],[-3.59,47.989],[-3.531,47.989],[-3.497,47.977],[-3.468,47.946],[-3.461,47.956],[-3.404,47.967],[-3.393,47.951],[-3.36,47.943],[-3.337,47.977],[-3.324,47.988],[-3.306,47.995],[-3.269,47.998],[-3.25,47.988],[-3.233,47.984],[-3.197,48.002],[-3.185,48.025],[-3.172,48.034],[-3.157,48.035],[-3.132,48.007],[-3.145,47.962],[-3.115,47.945],[-3.074,47.934],[-3.078,47.91],[-3.076,47.885],[-3.111,47.883],[-3.066,47.87],[-3.06,47.831],[-3.116,47.802],[-3.149,47.769],[-3.174,47.779],[-3.202,47.779],[-3.214,47.802],[-3.238,47.804],[-3.283,47.78],[-3.295,47.794],[-3.303,47.765],[-3.342,47.741],[-3.364,47.761],[-3.351,47.749],[-3.368,47.725],[-3.385,47.703]]]]}},{"type":"Feature","properties":{"code":"200041788","nom":"CA du Pays Nord Martinique","Agence d'urbanisme":"ADUAM","SCoT":"0","Territoires partagés":0,"Agence d'urbansime - 1":null,"Agence d'urbanisme - 3":null,"epcis":[]},"geometry":{"type":"MultiPolygon","coordinates":[[[[-61.002,14.562],[-61.01,14.583],[-61.008,14.612],[-61.037,14.609],[-61.091,14.6],[-61.118,14.628],[-61.136,14.634],[-61.154,14.656],[-61.168,14.675],[-61.184,14.713],[-61.179,14.733],[-61.177,14.745],[-61.214,14.782],[-61.227,14.802],[-61.226,14.832],[-61.204,14.862],[-61.166,14.877],[-61.125,14.874],[-61.083,14.853],[-61.054,14.833],[-61.04,14.832],[-61.019,14.81],[-60.973,14.763],[-60.962,14.738],[-60.943,14.757],[-60.897,14.759],[-60.901,14.735],[-60.925,14.751],[-60.943,14.743],[-60.929,14.717],[-60.91,14.7],[-60.937,14.683],[-60.93,14.654],[-60.913,14.665],[-60.894,14.65],[-60.898,14.62],[-60.869,14.605],[-60.85,14.585],[-60.855,14.573],[-60.827,14.537],[-60.838,14.512],[-60.824,14.499],[-60.824,14.471],[-60.826,14.436],[-60.847,14.435],[-60.858,14.398],[-60.876,14.397],[-60.886,14.427],[-60.86,14.466],[-60.882,14.469],[-60.907,14.457],[-60.911,14.469],[-60.956,14.465],[-60.984,14.486],[-60.99,14.468],[-61.019,14.481],[-61.045,14.47],[-61.053,14.456],[-61.082,14.471],[-61.08,14.489],[-61.097,14.519],[-61.074,14.541],[-61.061,14.549],[-61.003,14.532],[-60.98,14.551],[-61.002,14.562]]]]}},{"type":"Feature","properties":{"code":"200042620","nom":"CC de la Région de Suippes","Agence d'urbanisme":"AUDC","SCoT":"0","Territoires partagés":0,"Agence d'urbansime - 1":null,"Agence d'urbanisme - 3":null,"epcis":["200042620","200043438","200066876"]},"geometry":{"type":"MultiPolygon","coordinates":[[[[4.674,48.99],[4.681,48.969],[4.685,48.968],[4.695,48.965],[4.713,48.921],[4.707,48.921],[4.698,48.893],[4.677,48.878],[4.631,48.863],[4.63,48.863],[4.613,48.855],[4.597,48.855],[4.568,48.87],[4.536,48.862],[4.499,48.841],[4.496,48.837],[4.496,48.833],[4.505,48.815],[4.501,48.812],[4.449,48.801],[4.419,48.792],[4.447,48.771],[4.427,48.764],[4.368,48.76],[4.347,48.744],[4.345,48.711],[4.327,48.697],[4.299,48.715],[4.264,48.706],[4.243,48.717],[4.233,48.702],[4.178,48.709],[4.158,48.704],[4.131,48.686],[4.088,48.699],[4.11,48.735],[4.097,48.751],[4.073,48.766],[4.09,48.784],[4.138,48.806],[4.13,48.811],[4.146,48.811],[4.177,48.836],[4.172,48.853],[4.194,48.872],[4.206,48.88],[4.233,48.897],[4.192,48.91],[4.185,48.918],[4.194,48.931],[4.189,48.944],[4.148,48.955],[4.116,48.975],[4.134,48.992],[4.162,49.021],[4.16,49.028],[4.161,49.029],[4.167,49.064],[4.182,49.069],[4.205,49.087],[4.248,49.071],[4.254,49.069],[4.281,49.083],[4.262,49.104],[4.251,49.117],[4.273,49.128],[4.299,49.153],[4.3,49.168],[4.348,49.195],[4.382,49.173],[4.459,49.192],[4.476,49.208],[4.483,49.206],[4.479,49.258],[4.492,49.281],[4.516,49.282],[4.557,49.295],[4.599,49.288],[4.611,49.259],[4.619,49.238],[4.67,49.241],[4.678,49.234],[4.683,49.207],[4.653,49.192],[4.644,49.183],[4.611,49.158],[4.627,49.153],[4.721,49.148],[4.736,49.148],[4.739,49.146],[4.741,49.144],[4.707,49.111],[4.705,49.104],[4.694,49.084],[4.702,49.069],[4.701,49.065],[4.661,49.047],[4.657,49.012],[4.674,48.99]]]]}},{"type":"Feature","properties":{"code":"200023620","nom":"CC de la Gascogne Toulousaine","Agence d'urbanisme":"AUAT","SCoT":"1","Territoires partagés":0,"Agence d'urbansime - 1":null,"Agence d'urbanisme - 3":null,"epcis":["200023620","200023737","200034031","200034049","200034726","200034957","200035632","200035715","200035756","200035855","200042372","200066124","200066231","200066819","200066926","200067791","200068641","200068807","200068815","200069300","200071298","200071314","200072320","200072635","200072643","200073146","240900431","243100518","243100633","243100732","243100773","243200391","243200409","243200417","243200425","243200458","243200508","243200599","243200607","248100430","248100737","248200099"]},"geometry":{"type":"MultiPolygon","coordinates":[[[[0.594,42.704],[0.589,42.695],[0.53,42.703],[0.526,42.703],[0.516,42.691],[0.478,42.7],[0.454,42.728],[0.462,42.746],[0.464,42.759],[0.462,42.789],[0.463,42.79],[0.463,42.802],[0.46,42.805],[0.459,42.824],[0.464,42.84],[0.467,42.847],[0.46,42.852],[0.472,42.86],[0.477,42.878],[0.509,42.869],[0.526,42.868],[0.534,42.861],[0.554,42.86],[0.562,42.861],[0.576,42.871],[0.578,42.877],[0.58,42.883],[0.586,42.894],[0.592,42.909],[0.595,42.91],[0.598,42.918],[0.6,42.928],[0.606,42.934],[0.615,42.937],[0.642,42.953],[0.642,42.964],[0.636,42.968],[0.636,42.969],[0.62,42.972],[0.614,42.982],[0.611,42.988],[0.624,42.991],[0.625,43.002],[0.615,43.011],[0.617,43.021],[0.616,43.022],[0.608,43.034],[0.593,43.035],[0.593,43.026],[0.592,43.023],[0.586,43.023],[0.561,43.016],[0.546,43.004],[0.542,43.001],[0.527,43.009],[0.535,43.037],[0.567,43.037],[0.565,43.041],[0.558,43.063],[0.562,43.072],[0.564,43.074],[0.533,43.094],[0.522,43.093],[0.491,43.109],[0.489,43.115],[0.465,43.111],[0.453,43.112],[0.442,43.131],[0.456,43.145],[0.46,43.149],[0.522,43.192],[0.506,43.2],[0.518,43.213],[0.552,43.209],[0.57,43.217],[0.573,43.233],[0.55,43.236],[0.576,43.253],[0.577,43.259],[0.614,43.278],[0.615,43.28],[0.635,43.301],[0.607,43.311],[0.6,43.314],[0.571,43.32],[0.547,43.33],[0.54,43.327],[0.537,43.328],[0.515,43.333],[0.498,43.326],[0.48,43.333],[0.473,43.333],[0.461,43.337],[0.445,43.341],[0.443,43.328],[0.394,43.338],[0.399,43.352],[0.379,43.355],[0.364,43.35],[0.332,43.343],[0.325,43.375],[0.301,43.372],[0.298,43.389],[0.271,43.383],[0.244,43.373],[0.232,43.368],[0.206,43.368],[0.182,43.371],[0.176,43.38],[0.18,43.379],[0.174,43.403],[0.148,43.405],[0.135,43.423],[0.138,43.433],[0.138,43.434],[0.166,43.442],[0.155,43.457],[0.155,43.458],[0.144,43.464],[0.131,43.474],[0.127,43.491],[0.127,43.499],[0.112,43.517],[0.082,43.517],[0.081,43.524],[0.051,43.519],[0.04,43.537],[0.016,43.543],[0.01,43.558],[-0.001,43.565],[-0.007,43.593],[-0.015,43.606],[-0.033,43.605],[-0.034,43.608],[-0.074,43.606],[-0.097,43.59],[-0.097,43.582],[-0.129,43.581],[-0.158,43.581],[-0.162,43.582],[-0.177,43.597],[-0.205,43.584],[-0.211,43.593],[-0.218,43.615],[-0.188,43.607],[-0.181,43.616],[-0.191,43.63],[-0.19,43.638],[-0.166,43.639],[-0.164,43.661],[-0.18,43.669],[-0.173,43.673],[-0.155,43.69],[-0.171,43.688],[-0.149,43.717],[-0.166,43.722],[-0.166,43.741],[-0.194,43.737],[-0.218,43.75],[-0.214,43.756],[-0.222,43.787],[-0.216,43.813],[-0.213,43.809],[-0.195,43.808],[-0.194,43.841],[-0.209,43.858],[-0.204,43.86],[-0.186,43.867],[-0.201,43.885],[-0.215,43.889],[-0.24,43.898],[-0.209,43.912],[-0.2,43.915],[-0.176,43.937],[-0.135,43.936],[-0.103,43.927],[-0.099,43.942],[-0.047,43.961],[-0.036,43.984],[-0.001,43.961],[0.006,43.943],[-0.02,43.93],[0.033,43.9],[0.059,43.897],[0.075,43.915],[0.056,43.961],[0.068,43.975],[0.076,43.983],[0.105,43.984],[0.127,44.002],[0.161,43.974],[0.167,43.997],[0.19,44.015],[0.194,44.014],[0.219,44.021],[0.233,44.023],[0.23,44.011],[0.273,43.998],[0.306,43.994],[0.316,44.01],[0.353,44.016],[0.381,44.006],[0.397,44.022],[0.443,44.029],[0.45,44.044],[0.451,44.046],[0.46,44.056],[0.486,44.059],[0.505,44.051],[0.539,44.053],[0.559,44.058],[0.585,44.077],[0.601,44.078],[0.632,44.05],[0.68,44.029],[0.708,44.058],[0.742,44.065],[0.753,44.056],[0.756,44.041],[0.764,44.03],[0.797,44.044],[0.82,44.028],[0.818,44.009],[0.825,44.005],[0.809,43.982],[0.808,43.981],[0.801,43.977],[0.792,43.966],[0.785,43.958],[0.761,43.939],[0.77,43.922],[0.809,43.933],[0.82,43.925],[0.849,43.918],[0.852,43.923],[0.888,43.91],[0.904,43.899],[0.901,43.897],[0.883,43.886],[0.912,43.849],[0.895,43.84],[0.925,43.832],[0.915,43.819],[0.897,43.789],[0.954,43.787],[0.956,43.789],[0.982,43.791],[1.0,43.798],[1.059,43.799],[1.082,43.815],[1.083,43.816],[1.105,43.801],[1.115,43.798],[1.144,43.822],[1.176,43.805],[1.183,43.794],[1.219,43.787],[1.21,43.771],[1.267,43.783],[1.267,43.798],[1.282,43.796],[1.299,43.8],[1.302,43.8],[1.312,43.801],[1.343,43.811],[1.36,43.817],[1.332,43.837],[1.294,43.846],[1.319,43.858],[1.35,43.872],[1.365,43.89],[1.409,43.883],[1.449,43.87],[1.47,43.897],[1.477,43.908],[1.499,43.889],[1.515,43.906],[1.523,43.904],[1.556,43.918],[1.57,43.918],[1.574,43.933],[1.578,43.939],[1.535,43.96],[1.552,43.963],[1.623,43.961],[1.627,43.984],[1.637,43.995],[1.654,43.993],[1.665,44.012],[1.692,44.022],[1.704,44.044],[1.721,44.04],[1.733,44.052],[1.774,44.055],[1.785,44.048],[1.817,44.044],[1.825,44.047],[1.827,44.076],[1.826,44.078],[1.847,44.095],[1.862,44.081],[1.881,44.069],[1.88,44.048],[1.886,44.043],[1.873,44.037],[1.896,44.025],[1.905,44.03],[1.93,44.015],[1.953,44.003],[1.963,44.013],[1.976,43.994],[2.009,43.989],[2.019,43.989],[2.06,43.983],[2.053,43.963],[2.097,43.964],[2.113,43.957],[2.154,43.97],[2.166,43.983],[2.209,43.987],[2.217,43.978],[2.259,43.974],[2.236,43.948],[2.258,43.931],[2.278,43.944],[2.304,43.944],[2.304,43.933],[2.312,43.934],[2.331,43.933],[2.378,43.946],[2.381,43.957],[2.408,43.948],[2.429,43.954],[2.432,43.955],[2.447,43.951],[2.466,43.946],[2.474,43.944],[2.499,43.945],[2.537,43.934],[2.553,43.908],[2.551,43.902],[2.58,43.876],[2.564,43.863],[2.564,43.851],[2.562,43.846],[2.535,43.846],[2.51,43.834],[2.484,43.807],[2.482,43.787],[2.484,43.787],[2.482,43.766],[2.433,43.787],[2.4,43.781],[2.384,43.765],[2.415,43.755],[2.408,43.736],[2.399,43.681],[2.347,43.675],[2.307,43.682],[2.279,43.703],[2.262,43.7],[2.258,43.703],[2.233,43.72],[2.22,43.766],[2.217,43.77],[2.178,43.766],[2.158,43.778],[2.138,43.781],[2.131,43.782],[2.108,43.776],[2.083,43.795],[2.081,43.793],[2.054,43.777],[2.064,43.771],[2.044,43.741],[2.025,43.718],[2.013,43.716],[1.969,43.734],[1.965,43.72],[1.952,43.734],[1.928,43.725],[1.925,43.723],[1.875,43.718],[1.845,43.75],[1.789,43.736],[1.768,43.748],[1.772,43.764],[1.735,43.771],[1.729,43.771],[1.683,43.785],[1.67,43.784],[1.652,43.776],[1.65,43.752],[1.66,43.743],[1.653,43.708],[1.661,43.706],[1.664,43.694],[1.721,43.688],[1.731,43.664],[1.724,43.657],[1.7,43.649],[1.688,43.631],[1.723,43.617],[1.741,43.606],[1.744,43.605],[1.745,43.604],[1.762,43.602],[1.764,43.604],[1.773,43.592],[1.793,43.584],[1.799,43.583],[1.822,43.581],[1.849,43.568],[1.851,43.549],[1.864,43.545],[1.88,43.54],[1.887,43.517],[1.869,43.502],[1.863,43.504],[1.844,43.493],[1.816,43.48],[1.816,43.481],[1.788,43.473],[1.776,43.457],[1.776,43.448],[1.808,43.435],[1.793,43.425],[1.817,43.411],[1.845,43.423],[1.843,43.433],[1.856,43.444],[1.897,43.414],[1.896,43.397],[1.911,43.398],[1.915,43.401],[1.925,43.421],[1.958,43.426],[1.964,43.423],[1.966,43.415],[1.988,43.407],[2.021,43.423],[2.035,43.393],[2.055,43.39],[2.072,43.396],[2.091,43.394],[2.109,43.394],[2.129,43.365],[2.119,43.342],[2.105,43.336],[2.102,43.339],[2.088,43.335],[2.08,43.322],[2.095,43.304],[2.067,43.28],[2.037,43.283],[2.011,43.28],[2.013,43.258],[1.988,43.242],[1.972,43.252],[1.944,43.246],[1.93,43.255],[1.924,43.259],[1.914,43.26],[1.897,43.234],[1.856,43.243],[1.864,43.222],[1.865,43.213],[1.825,43.224],[1.826,43.233],[1.791,43.24],[1.778,43.235],[1.758,43.243],[1.761,43.253],[1.736,43.273],[1.701,43.282],[1.688,43.274],[1.703,43.239],[1.724,43.224],[1.71,43.19],[1.78,43.16],[1.732,43.162],[1.729,43.149],[1.732,43.143],[1.733,43.132],[1.729,43.128],[1.731,43.123],[1.743,43.112],[1.756,43.09],[1.75,43.087],[1.748,43.068],[1.751,43.063],[1.759,43.06],[1.772,43.054],[1.751,43.036],[1.744,43.017],[1.756,42.987],[1.722,42.972],[1.714,42.974],[1.718,42.961],[1.7,42.955],[1.722,42.932],[1.722,42.921],[1.719,42.914],[1.694,42.896],[1.703,42.861],[1.717,42.856],[1.724,42.833],[1.699,42.824],[1.681,42.82],[1.671,42.811],[1.643,42.809],[1.637,42.807],[1.611,42.814],[1.613,42.811],[1.631,42.773],[1.614,42.749],[1.613,42.749],[1.571,42.782],[1.563,42.786],[1.558,42.785],[1.526,42.809],[1.498,42.811],[1.479,42.821],[1.44,42.83],[1.44,42.846],[1.451,42.858],[1.446,42.888],[1.457,42.906],[1.41,42.918],[1.411,42.94],[1.427,42.958],[1.459,42.964],[1.463,42.971],[1.497,42.992],[1.512,42.991],[1.522,43.009],[1.505,43.04],[1.507,43.043],[1.496,43.05],[1.457,43.067],[1.454,43.068],[1.468,43.083],[1.498,43.095],[1.488,43.107],[1.49,43.123],[1.49,43.126],[1.483,43.143],[1.456,43.171],[1.469,43.185],[1.498,43.199],[1.494,43.201],[1.476,43.217],[1.452,43.212],[1.442,43.216],[1.432,43.218],[1.418,43.227],[1.429,43.254],[1.403,43.277],[1.402,43.278],[1.373,43.31],[1.324,43.31],[1.293,43.289],[1.294,43.265],[1.318,43.251],[1.352,43.245],[1.375,43.238],[1.38,43.222],[1.357,43.213],[1.328,43.205],[1.33,43.197],[1.315,43.19],[1.306,43.195],[1.296,43.189],[1.268003671305568,43.19100778175224],[1.268,43.191],[1.254,43.184],[1.25,43.183],[1.229,43.187],[1.228,43.174],[1.238,43.15],[1.255,43.148],[1.274,43.148],[1.303,43.123],[1.281,43.113],[1.262,43.092],[1.246,43.088],[1.224,43.086],[1.211,43.107],[1.211,43.115],[1.199,43.125],[1.175,43.141],[1.147,43.137],[1.124,43.157],[1.112,43.149],[1.109,43.144],[1.088,43.134],[1.053,43.145],[1.052,43.144],[1.051,43.12],[1.039,43.1],[1.01,43.113],[1.001,43.114],[0.992,43.098],[1.0,43.077],[0.979,43.073],[0.986,43.062],[0.994,43.048],[0.995,43.04],[0.993,43.04],[0.984,43.045],[0.989,43.023],[0.997,43.024],[1.022,43.01],[0.995,42.991],[0.979,42.974],[0.965,42.971],[0.938,42.966],[0.928,42.967],[0.912,42.959],[0.875,42.958],[0.886,42.935],[0.841,42.923],[0.835,42.901],[0.848,42.866],[0.86,42.838],[0.858,42.826],[0.802,42.841],[0.777,42.836],[0.708,42.861],[0.678,42.855],[0.659,42.835],[0.665,42.815],[0.66,42.798],[0.652,42.788],[0.645,42.783],[0.664,42.771],[0.639,42.755],[0.659,42.752],[0.683,42.709],[0.669,42.689],[0.597,42.705],[0.594,42.704]],[[1.29,43.526],[1.311,43.537],[1.311,43.538],[1.329,43.559],[1.291,43.579],[1.305,43.595],[1.284,43.6],[1.282,43.598],[1.248,43.606],[1.204,43.62],[1.209,43.626],[1.222,43.641],[1.237,43.65],[1.217,43.658],[1.212,43.688],[1.209,43.684],[1.184,43.666],[1.171,43.659],[1.138,43.65],[1.122,43.656],[1.101,43.661],[1.116,43.637],[1.131,43.643],[1.146,43.636],[1.143,43.621],[1.159,43.605],[1.188,43.606],[1.202,43.597],[1.199,43.569],[1.238,43.57],[1.253,43.569],[1.238,43.552],[1.29,43.526]],[[1.446,43.729],[1.452,43.726],[1.441,43.712],[1.461,43.691],[1.459,43.684],[1.462,43.684],[1.473,43.667],[1.477,43.67],[1.488,43.68],[1.506,43.67],[1.523,43.655],[1.535,43.652],[1.545,43.657],[1.558,43.666],[1.565,43.695],[1.53,43.716],[1.527,43.715],[1.524,43.682],[1.499,43.683],[1.498,43.695],[1.49,43.707],[1.513,43.725],[1.496,43.732],[1.487,43.733],[1.473,43.751],[1.456,43.747],[1.446,43.729]]],[[[-0.074,43.222],[-0.062,43.221],[-0.047,43.224],[-0.017,43.272],[-0.025,43.28],[-0.014,43.281],[-0.001,43.278],[0.0,43.282],[0.002,43.292],[0.004,43.296],[0.005,43.303],[0.017,43.317],[0.038,43.309],[0.055,43.313],[0.061,43.298],[0.063,43.297],[0.076,43.297],[0.074,43.317],[0.078,43.324],[0.094,43.324],[0.103,43.317],[0.125,43.32],[0.124,43.311],[0.125,43.293],[0.134,43.288],[0.134,43.279],[0.132,43.265],[0.125,43.262],[0.131,43.248],[0.132,43.245],[0.136,43.237],[0.145,43.221],[0.149,43.22],[0.151,43.214],[0.149,43.206],[0.148,43.201],[0.184,43.21],[0.194,43.211],[0.194,43.207],[0.156,43.193],[0.154,43.183],[0.148,43.173],[0.143,43.177],[0.131,43.173],[0.128,43.162],[0.154,43.152],[0.155,43.147],[0.155,43.143],[0.149,43.133],[0.112,43.136],[0.104,43.148],[0.083,43.135],[0.078,43.126],[0.083,43.125],[0.083,43.108],[0.056,43.111],[0.053,43.11],[0.057,43.092],[0.067,43.084],[0.058,43.068],[0.059,43.068],[0.075,43.067],[0.069,43.045],[0.075,43.022],[0.043,43.024],[0.071,42.99],[0.055,42.975],[0.034,42.96],[0.0,42.979],[-0.018,43.004],[-0.02,43.018],[-0.054,43.03],[-0.059,43.03],[-0.062,43.033],[-0.055,43.05],[-0.053,43.051],[-0.077,43.052],[-0.089,43.052],[-0.104,43.047],[-0.121,43.044],[-0.149,43.045],[-0.182,43.053],[-0.199,43.069],[-0.186,43.084],[-0.192,43.105],[-0.194,43.115],[-0.175,43.11],[-0.147,43.128],[-0.139,43.149],[-0.135,43.152],[-0.125,43.167],[-0.118,43.18],[-0.068,43.177],[-0.074,43.222]]],[[[-0.105,43.243],[-0.124,43.246],[-0.141,43.272],[-0.137,43.282],[-0.137,43.286],[-0.122,43.302],[-0.089,43.301],[-0.085,43.277],[-0.094,43.255],[-0.103,43.243],[-0.105,43.243]]],[[[-0.075,43.307],[-0.115,43.322],[-0.109,43.338],[-0.088,43.334],[-0.068,43.328],[-0.07,43.319],[-0.075,43.307]]],[[[1.228,44.01],[1.229,43.994],[1.176,43.952],[1.163,43.966],[1.155,43.985],[1.212,44.005],[1.221,44.018],[1.228,44.016],[1.27,44.029],[1.252,44.055],[1.279,44.069],[1.266,44.087],[1.276,44.097],[1.302,44.092],[1.312,44.089],[1.345,44.091],[1.355,44.078],[1.394,44.109],[1.42,44.101],[1.406,44.084],[1.416,44.074],[1.426,44.034],[1.443,43.982],[1.471,43.984],[1.485,43.979],[1.491,43.946],[1.479,43.941],[1.465,43.932],[1.433,43.94],[1.437,43.908],[1.432,43.909],[1.39,43.916],[1.383,43.917],[1.366,43.925],[1.355,43.952],[1.355,43.954],[1.322,43.927],[1.297,43.934],[1.279,43.96],[1.242,43.985],[1.228,44.01]]],[[[1.527,44.375],[1.524,44.351],[1.498,44.347],[1.521,44.324],[1.511,44.311],[1.468,44.307],[1.468,44.308],[1.467,44.338],[1.471,44.351],[1.422,44.362],[1.414,44.374],[1.392,44.372],[1.377,44.36],[1.357,44.36],[1.332,44.379],[1.369,44.398],[1.323,44.417],[1.325,44.421],[1.355,44.452],[1.354,44.453],[1.338,44.466],[1.332,44.476],[1.327,44.497],[1.308,44.494],[1.296,44.514],[1.263,44.498],[1.245,44.511],[1.233,44.517],[1.219,44.518],[1.191,44.545],[1.201,44.557],[1.22,44.561],[1.214,44.586],[1.268,44.583],[1.277,44.589],[1.294,44.593],[1.323,44.572],[1.359,44.588],[1.362,44.583],[1.415,44.579],[1.419,44.601],[1.437,44.602],[1.456,44.591],[1.483,44.596],[1.473,44.584],[1.504,44.583],[1.49,44.557],[1.515,44.546],[1.524,44.545],[1.556,44.537],[1.565,44.55],[1.594,44.552],[1.614,44.539],[1.651,44.537],[1.684,44.507],[1.689,44.499],[1.703,44.49],[1.709,44.461],[1.702,44.459],[1.65,44.425],[1.641,44.429],[1.65,44.451],[1.614,44.454],[1.603,44.464],[1.591,44.465],[1.587,44.444],[1.565,44.434],[1.537,44.448],[1.51,44.425],[1.505,44.429],[1.486,44.431],[1.468,44.401],[1.473,44.395],[1.494,44.401],[1.517,44.386],[1.527,44.375]]],[[[2.386,43.333],[2.433,43.351],[2.445,43.362],[2.439,43.376],[2.444,43.38],[2.469,43.396],[2.47,43.435],[2.428,43.436],[2.407,43.419],[2.375,43.423],[2.367,43.423],[2.348,43.433],[2.3,43.446],[2.282,43.441],[2.266,43.453],[2.258,43.46],[2.24,43.51],[2.211,43.512],[2.219,43.545],[2.209,43.549],[2.19,43.567],[2.211,43.583],[2.182,43.584],[2.173,43.607],[2.156,43.623],[2.157,43.649],[2.172,43.666],[2.181,43.665],[2.221,43.666],[2.234,43.67],[2.273,43.654],[2.275,43.644],[2.323,43.604],[2.333,43.605],[2.333,43.6],[2.38,43.598],[2.418,43.604],[2.405,43.584],[2.419,43.566],[2.457,43.566],[2.456,43.554],[2.454,43.549],[2.451,43.518],[2.45,43.517],[2.389,43.503],[2.444,43.493],[2.453,43.491],[2.519,43.475],[2.516,43.457],[2.495,43.437],[2.519,43.424],[2.565,43.423],[2.566,43.423],[2.573,43.4],[2.566,43.398],[2.556,43.366],[2.54,43.346],[2.556,43.338],[2.586,43.333],[2.592,43.318],[2.6,43.314],[2.601,43.298],[2.617,43.284],[2.644,43.294],[2.659,43.293],[2.688,43.323],[2.699,43.308],[2.703,43.277],[2.709,43.274],[2.712,43.26],[2.691,43.254],[2.687,43.252],[2.657,43.226],[2.648,43.221],[2.639,43.224],[2.626,43.199],[2.634,43.178],[2.627,43.147],[2.616,43.146],[2.608,43.125],[2.561,43.094],[2.55,43.099],[2.543,43.097],[2.57,43.082],[2.584,43.067],[2.576,43.048],[2.565,43.05],[2.553,43.035],[2.51,43.035],[2.499,43.045],[2.492,43.05],[2.486,43.049],[2.466,43.031],[2.471,43.046],[2.445,43.06],[2.431,43.067],[2.415,43.084],[2.451,43.1],[2.44,43.114],[2.424,43.116],[2.392,43.105],[2.363,43.127],[2.352,43.122],[2.335,43.109],[2.312,43.116],[2.278,43.089],[2.259,43.102],[2.252,43.121],[2.227,43.118],[2.222,43.126],[2.234,43.163],[2.211,43.163],[2.209,43.163],[2.177,43.184],[2.191,43.227],[2.188,43.234],[2.142,43.241],[2.136,43.267],[2.128,43.272],[2.121,43.289],[2.139,43.301],[2.154,43.31],[2.177,43.318],[2.201,43.344],[2.229,43.331],[2.251,43.318],[2.256,43.317],[2.293,43.323],[2.334,43.312],[2.351,43.305],[2.389,43.302],[2.381,43.31],[2.381,43.313],[2.386,43.333]]]]}},{"type":"Feature","properties":{"code":"200068989","nom":"CA Dinan Agglomération","Agence d'urbanisme":"AUDIAR","SCoT":"0","Territoires partagés":0,"Agence d'urbansime - 1":null,"Agence d'urbanisme - 3":null,"epcis":["200068989","243500139","243500659","243500667","243500733","243500774","243500782"]},"geometry":{"type":"MultiPolygon","coordinates":[[[[-1.455,48.095],[-1.449,48.074],[-1.441,48.038],[-1.391,48.045],[-1.374,48.039],[-1.343,48.034],[-1.342,48.027],[-1.394,48.017],[-1.384,48.001],[-1.439,47.973],[-1.442,47.974],[-1.456,47.987],[-1.476,48.03],[-1.507,48.022],[-1.526,48.007],[-1.532,47.985],[-1.538,47.973],[-1.569,47.958],[-1.605,47.955],[-1.619,47.976],[-1.649,47.965],[-1.677,47.955],[-1.667,47.948],[-1.684,47.937],[-1.721,47.936],[-1.75,47.949],[-1.753,47.979],[-1.751,47.996],[-1.783,48.003],[-1.777,48.031],[-1.815,48.046],[-1.821,48.047],[-1.818,48.059],[-1.874,48.072],[-1.929,48.054],[-1.953,48.052],[-1.936,48.08],[-1.921,48.059],[-1.876382436432948,48.071322825599296],[-1.91,48.098],[-1.917,48.113],[-1.887,48.123],[-1.885,48.129],[-1.885,48.156],[-1.873,48.175],[-1.845,48.186],[-1.844,48.194],[-1.905,48.2],[-1.917,48.232],[-1.906,48.252],[-1.95,48.272],[-1.956,48.29],[-1.958,48.293],[-1.993,48.299],[-2.014,48.28],[-2.053,48.298],[-2.11,48.275],[-2.107,48.252],[-2.153,48.262],[-2.178,48.251],[-2.184,48.215],[-2.228,48.211],[-2.248,48.205],[-2.256,48.21],[-2.272,48.268],[-2.286,48.285],[-2.284,48.319],[-2.268,48.332],[-2.231,48.345],[-2.205,48.353],[-2.202,48.378],[-2.228,48.387],[-2.248,48.365],[-2.289,48.375],[-2.3,48.377],[-2.316,48.398],[-2.275,48.412],[-2.275,48.42],[-2.291,48.438],[-2.331,48.445],[-2.31,48.477],[-2.352,48.482],[-2.333,48.506],[-2.349,48.51],[-2.35,48.519],[-2.342,48.528],[-2.34,48.53],[-2.358,48.557],[-2.351,48.57],[-2.358,48.599],[-2.354,48.607],[-2.382,48.632],[-2.41,48.637],[-2.385,48.653],[-2.35,48.661],[-2.327,48.674],[-2.29,48.668],[-2.325,48.628],[-2.338,48.62],[-2.321,48.613],[-2.287,48.627],[-2.26,48.646],[-2.21,48.587],[-2.226,48.57],[-2.226,48.538],[-2.216,48.541],[-2.205,48.575],[-2.186,48.581],[-2.154,48.587],[-2.126,48.598],[-2.125,48.593],[-2.081,48.568],[-2.075,48.552],[-2.053,48.552],[-2.039,48.542],[-2.019,48.559],[-2.007,48.566],[-1.995,48.552],[-1.984,48.526],[-1.99,48.499],[-2.002,48.491],[-1.98,48.499],[-1.946,48.54],[-1.963,48.556],[-1.955,48.576],[-1.962,48.593],[-1.997,48.604],[-2.019,48.638],[-1.961,48.681],[-1.938,48.695],[-1.892,48.696],[-1.846,48.709],[-1.837,48.679],[-1.864,48.657],[-1.857,48.625],[-1.846,48.616],[-1.791,48.606],[-1.783,48.585],[-1.808,48.564],[-1.807,48.561],[-1.842,48.575],[-1.858,48.56],[-1.819,48.522],[-1.804,48.521],[-1.806,48.499],[-1.807,48.495],[-1.778,48.478],[-1.735,48.492],[-1.704,48.459],[-1.699,48.459],[-1.693,48.463],[-1.628,48.47],[-1.617,48.466],[-1.62,48.448],[-1.651,48.421],[-1.649,48.4],[-1.64,48.39],[-1.651,48.374],[-1.652,48.358],[-1.61,48.352],[-1.591,48.354],[-1.541,48.352],[-1.539,48.364],[-1.506,48.38],[-1.504,48.363],[-1.478,48.362],[-1.469,48.353],[-1.47,48.331],[-1.479,48.323],[-1.412,48.311],[-1.389,48.287],[-1.411,48.272],[-1.402,48.262],[-1.331,48.252],[-1.302,48.217],[-1.317,48.223],[-1.352,48.201],[-1.365,48.169],[-1.368,48.163],[-1.385,48.147],[-1.44,48.138],[-1.433,48.095],[-1.455,48.095]]]]}},{"type":"Feature","properties":{"code":"200000628","nom":"CC Rhône Lez Provence","Agence d'urbanisme":"AURAV","SCoT":"0","Territoires partagés":0,"Agence d'urbansime - 1":null,"Agence d'urbanisme - 3":null,"epcis":["200000628","200034692","200035723","200040442","200040624","200040681","248400053","248400160","248400236","248400251","248400285","248400293","248400335"]},"geometry":{"type":"MultiPolygon","coordinates":[[[[4.975,43.867],[4.93,43.884],[4.922,43.887],[4.881,43.902],[4.853,43.911],[4.811,43.914],[4.774,43.92],[4.739,43.924],[4.735,43.917],[4.726,43.931],[4.68,43.927],[4.673,43.951],[4.654,43.966],[4.637,43.99],[4.63,44.018],[4.62,44.029],[4.609,44.046],[4.605,44.047],[4.585,44.061],[4.559,44.06],[4.553,44.071],[4.541,44.073],[4.519,44.077],[4.527,44.103],[4.497,44.106],[4.49,44.115],[4.49,44.126],[4.457,44.13],[4.448,44.134],[4.418,44.144],[4.409,44.179],[4.43,44.192],[4.389,44.201],[4.407,44.233],[4.4,44.238],[4.386,44.268],[4.382,44.289],[4.393,44.295],[4.44,44.284],[4.453,44.298],[4.451,44.334],[4.465,44.342],[4.512,44.335],[4.549,44.325],[4.548,44.323],[4.57,44.299],[4.6,44.292],[4.606,44.291],[4.616,44.278],[4.649,44.27],[4.653,44.291],[4.653,44.295],[4.651,44.33],[4.713,44.321],[4.722,44.327],[4.763,44.326],[4.805,44.304],[4.803,44.278],[4.804,44.269],[4.812,44.242],[4.826,44.229],[4.857,44.246],[4.88,44.262],[4.901,44.264],[4.933,44.262],[4.971,44.28],[4.989,44.286],[5.017,44.293],[5.029,44.298],[5.061,44.308],[5.077,44.284],[5.087,44.284],[5.108,44.281],[5.166,44.315],[5.169,44.314],[5.17,44.299],[5.148,44.27],[5.162,44.246],[5.183,44.258],[5.203,44.26],[5.227,44.231],[5.241,44.231],[5.248,44.231],[5.257,44.23],[5.281,44.22],[5.303,44.206],[5.377,44.205],[5.385,44.201],[5.383,44.199],[5.383,44.155],[5.436,44.153],[5.448,44.137],[5.461,44.161],[5.484,44.17],[5.52,44.146],[5.551,44.15],[5.543,44.134],[5.499,44.116],[5.503,44.063],[5.545,44.07],[5.544,44.026],[5.513,43.973],[5.513,43.945],[5.545,43.939],[5.569,43.943],[5.581,43.915],[5.606,43.916],[5.59,43.887],[5.61,43.889],[5.625,43.857],[5.631,43.829],[5.646,43.826],[5.654,43.825],[5.674,43.808],[5.695,43.784],[5.713,43.781],[5.716,43.756],[5.757,43.729],[5.753,43.725],[5.717,43.693],[5.683,43.693],[5.624,43.666],[5.619,43.669],[5.599,43.678],[5.554,43.7],[5.509,43.727],[5.465,43.715],[5.445,43.68],[5.413,43.693],[5.388,43.702],[5.371,43.709],[5.344,43.719],[5.326,43.729],[5.287,43.74],[5.264,43.744],[5.246,43.747],[5.236,43.748],[5.188,43.735],[5.138,43.753],[5.124,43.759],[5.091,43.772],[5.05,43.789],[5.043,43.806],[5.035,43.82],[4.997,43.845],[4.992,43.85],[4.975,43.867]],[[4.956,43.957],[4.96,43.949],[4.928,43.95],[4.923,43.952],[4.919,43.918],[4.931,43.911],[4.968,43.912],[4.996,43.891],[5.022,43.879],[5.069,43.874],[5.083,43.874],[5.103,43.908],[5.107,43.912],[5.144,43.915],[5.155,43.942],[5.156,43.942],[5.159,43.942],[5.16,43.95],[5.13,43.956],[5.087,43.955],[5.076,43.963],[5.068,43.965],[5.025,43.946],[4.976,43.968],[4.956,43.957]]],[[[5.014,44.326],[4.991,44.312],[4.987,44.293],[4.922,44.309],[4.889,44.304],[4.882,44.325],[4.895,44.338],[4.869,44.345],[4.844,44.343],[4.829,44.364],[4.838,44.387],[4.813,44.398],[4.795,44.399],[4.773,44.414],[4.769,44.415],[4.773,44.437],[4.758,44.455],[4.776,44.467],[4.799,44.466],[4.84,44.473],[4.839,44.49],[4.841,44.495],[4.879,44.491],[4.903,44.505],[4.923,44.494],[4.924,44.484],[4.955,44.489],[4.969,44.497],[4.998,44.496],[5.012,44.445],[5.053,44.45],[5.088,44.467],[5.097,44.461],[5.102,44.454],[5.106,44.44],[5.107,44.427],[5.073,44.419],[5.062,44.404],[5.071,44.383],[5.07,44.376],[5.027,44.363],[5.009,44.334],[5.014,44.326]]]]}},{"type":"Feature","properties":{"code":"200034874","nom":"CC Côtes de Meuse Woëvre","Agence d'urbanisme":"SCALEN","SCoT":"1","Territoires partagés":0,"Agence d'urbansime - 1":null,"Agence d'urbanisme - 3":null,"epcis":["200034874","200035772","200041515","200066140","200067643","200068369","200068377","200068757","200069433","200070324","200070563","200070589","245400171","245400189","245400510","245400601","245400676","245400759","245500327"]},"geometry":{"type":"MultiPolygon","coordinates":[[[[6.044,48.296],[6.012,48.297],[6.0,48.283],[5.984,48.281],[5.99,48.284],[5.983,48.314],[5.973,48.317],[5.955,48.311],[5.941,48.318],[5.934,48.332],[5.937,48.339],[5.925,48.355],[5.956,48.357],[5.957,48.367],[5.945,48.376],[5.912,48.36],[5.911,48.365],[5.925,48.389],[5.928,48.394],[5.92,48.401],[5.908,48.417],[5.931,48.434],[5.898,48.436],[5.895,48.405],[5.87,48.406],[5.855,48.409],[5.859,48.416],[5.884,48.436],[5.885,48.438],[5.904,48.483],[5.899,48.485],[5.907,48.495],[5.866,48.504],[5.838,48.505],[5.836,48.501],[5.811,48.498],[5.787,48.483],[5.779,48.487],[5.765,48.497],[5.764,48.516],[5.761,48.522],[5.777,48.541],[5.763,48.546],[5.729,48.554],[5.715,48.562],[5.714,48.573],[5.713,48.577],[5.717,48.592],[5.764,48.608],[5.79,48.607],[5.798,48.613],[5.804,48.625],[5.76,48.621],[5.759,48.621],[5.756,48.637],[5.752,48.642],[5.745,48.657],[5.749,48.667],[5.756,48.692],[5.765,48.701],[5.733,48.724],[5.732,48.725],[5.719,48.733],[5.714,48.745],[5.719,48.748],[5.653,48.773],[5.646,48.786],[5.634,48.791],[5.615,48.796],[5.613,48.807],[5.597,48.835],[5.577,48.824],[5.574,48.846],[5.516,48.834],[5.528,48.814],[5.497,48.8],[5.453,48.798],[5.441,48.791],[5.429,48.789],[5.415,48.8],[5.36,48.799],[5.338,48.787],[5.335,48.786],[5.328,48.792],[5.294,48.775],[5.28,48.79],[5.275,48.792],[5.269,48.795],[5.25,48.814],[5.307,48.83],[5.31,48.832],[5.278,48.842],[5.246,48.828],[5.239,48.835],[5.206,48.841],[5.168,48.832],[5.121,48.84],[5.104,48.838],[5.071,48.85],[5.046,48.857],[5.037,48.872],[5.045,48.884],[5.041,48.903],[5.076,48.903],[5.042,48.93],[5.017,48.921],[5.013,48.937],[5.014,48.946],[5.031,48.954],[5.039,48.974],[4.996,48.983],[5.032,49.001],[5.036,49.021],[5.035,49.023],[5.009,49.035],[4.967,49.021],[4.965,49.022],[5.006,49.06],[5.023,49.072],[5.032,49.066],[5.085,49.065],[5.102,49.049],[5.16,49.063],[5.184,49.045],[5.218,49.059],[5.231,49.06],[5.232,49.058],[5.233,49.028],[5.232,49.028],[5.21,49.017],[5.223,48.992],[5.251,48.991],[5.25,48.983],[5.266,48.992],[5.305,48.987],[5.335,48.97],[5.341,48.96],[5.358,48.967],[5.366,48.97],[5.39,48.972],[5.455,49.0],[5.445,49.012],[5.473,49.017],[5.469,49.033],[5.508,49.042],[5.536,49.041],[5.556,49.041],[5.582,49.023],[5.571,49.014],[5.576,49.013],[5.602,49.012],[5.619,49.003],[5.628,49.005],[5.649,49.013],[5.684,49.033],[5.708,49.018],[5.723,49.021],[5.744,49.021],[5.778,49.052],[5.745,49.06],[5.745,49.063],[5.776,49.084],[5.808,49.076],[5.806,49.064],[5.836,49.066],[5.854,49.041],[5.829,49.027],[5.813,49.005],[5.805,48.984],[5.818,48.98],[5.849,48.961],[5.847,48.952],[5.817,48.943],[5.8,48.946],[5.779,48.925],[5.747,48.916],[5.753,48.913],[5.757,48.913],[5.757,48.91],[5.787,48.878],[5.778,48.876],[5.765,48.873],[5.769,48.86],[5.776,48.856],[5.781,48.835],[5.758,48.801],[5.763,48.794],[5.778,48.8],[5.79,48.803],[5.802,48.795],[5.799,48.816],[5.826,48.827],[5.828,48.836],[5.861,48.839],[5.867,48.862],[5.873,48.864],[5.88,48.863],[5.928,48.856],[5.932,48.853],[5.94,48.865],[5.965,48.868],[5.973,48.896],[5.989,48.916],[5.983,48.919],[5.983,48.929],[5.974,48.953],[5.955,48.964],[5.984,48.958],[6.02,48.975],[5.969,48.988],[5.988,48.995],[6.012,49.0],[6.043,49.002],[6.043,48.977],[6.065,48.981],[6.079,48.965],[6.082,48.963],[6.1,48.969],[6.123,48.949],[6.147,48.933],[6.15,48.933],[6.165,48.942],[6.206,48.938],[6.206,48.939],[6.237,48.925],[6.263,48.934],[6.271,48.933],[6.277,48.928],[6.288,48.928],[6.288,48.916],[6.311,48.921],[6.328,48.905],[6.326,48.896],[6.297,48.883],[6.308,48.875],[6.297,48.867],[6.3,48.853],[6.285,48.849],[6.316,48.837],[6.33,48.836],[6.34,48.833],[6.301,48.824],[6.309,48.821],[6.334,48.82],[6.339,48.811],[6.357,48.811],[6.356,48.792],[6.371,48.785],[6.387,48.781],[6.395,48.775],[6.433,48.789],[6.453,48.766],[6.461,48.768],[6.491,48.765],[6.511,48.749],[6.539,48.751],[6.548,48.755],[6.562,48.756],[6.589,48.732],[6.59,48.732],[6.599,48.716],[6.617,48.715],[6.643,48.703],[6.662,48.706],[6.677,48.689],[6.667,48.671],[6.669,48.667],[6.709,48.671],[6.726,48.665],[6.755,48.67],[6.763,48.655],[6.764,48.652],[6.774,48.648],[6.783,48.643],[6.81,48.647],[6.839,48.638],[6.839,48.637],[6.843,48.63],[6.893,48.625],[6.906,48.62],[6.93,48.636],[6.94,48.615],[6.961,48.608],[6.991,48.609],[6.993,48.61],[7.01,48.612],[6.997,48.597],[7.034,48.581],[7.056,48.539],[7.08,48.537],[7.065,48.524],[7.077,48.516],[7.023,48.504],[6.98,48.493],[6.963,48.479],[6.956,48.484],[6.918,48.463],[6.918,48.441],[6.921,48.439],[6.918,48.435],[6.894,48.419],[6.855,48.433],[6.828,48.416],[6.815,48.395],[6.78,48.402],[6.739,48.412],[6.7,48.413],[6.683,48.425],[6.679,48.422],[6.669,48.426],[6.645,48.429],[6.635,48.471],[6.597,48.467],[6.594,48.462],[6.567,48.441],[6.584,48.417],[6.579,48.416],[6.544,48.428],[6.534,48.432],[6.518,48.424],[6.502,48.415],[6.525,48.382],[6.517,48.381],[6.501,48.376],[6.505,48.355],[6.487,48.338],[6.512,48.328],[6.521,48.336],[6.543,48.318],[6.549,48.321],[6.562,48.313],[6.592,48.296],[6.601,48.278],[6.601,48.266],[6.586,48.263],[6.584,48.238],[6.568,48.232],[6.601,48.19],[6.6,48.19],[6.58,48.19],[6.576,48.152],[6.569,48.145],[6.586,48.126],[6.622,48.114],[6.628,48.108],[6.635,48.112],[6.655,48.094],[6.681,48.075],[6.655,48.066],[6.658,48.036],[6.674,48.034],[6.659,48.014],[6.692,47.994],[6.699,47.971],[6.705,47.966],[6.702,47.961],[6.681,47.951],[6.625,47.969],[6.604,47.964],[6.601,47.944],[6.558,47.923],[6.542,47.903],[6.478,47.885],[6.432,47.944],[6.408,47.943],[6.365,47.963],[6.324,47.948],[6.277,47.954],[6.263,47.946],[6.251,47.939],[6.238,47.933],[6.214,47.93],[6.205,47.932],[6.208,47.943],[6.161,47.958],[6.155,47.965],[6.163,47.973],[6.153,47.996],[6.156,48.007],[6.131,48.024],[6.135,48.05],[6.156,48.063],[6.189,48.057],[6.163,48.067],[6.166,48.068],[6.191,48.077],[6.222,48.071],[6.221,48.072],[6.223,48.105],[6.232,48.114],[6.217,48.136],[6.185,48.141],[6.173,48.148],[6.158,48.156],[6.157,48.17],[6.14,48.18],[6.137,48.193],[6.119,48.198],[6.117,48.207],[6.09,48.223],[6.096,48.229],[6.103,48.245],[6.125,48.251],[6.127,48.254],[6.115,48.266],[6.087,48.271],[6.086,48.272],[6.083,48.273],[6.08,48.273],[6.057,48.269],[6.044,48.296]]]]}},{"type":"Feature","properties":{"code":"200039865","nom":"Metz Métropole","Agence d'urbanisme":"AGURAM","SCoT":"0","Territoires partagés":1,"Agence d'urbansime - 1":"AGAPE","Agence d'urbanisme - 3":"SCALEN","epcis":["200039865","200039907","200039949","200067502","200067650","200067957","200070738","245701222","245701271","245701362"]},"geometry":{"type":"MultiPolygon","coordinates":[[[[6.043,49.002],[6.012,49.0],[5.988,48.995],[5.969,48.988],[6.02,48.975],[5.984,48.958],[5.955,48.964],[5.974,48.953],[5.983,48.929],[5.983,48.919],[5.989,48.916],[5.973,48.896],[5.965,48.868],[5.94,48.865],[5.932,48.853],[5.928,48.856],[5.88,48.863],[5.873,48.864],[5.867,48.862],[5.861,48.839],[5.828,48.836],[5.826,48.827],[5.799,48.816],[5.802,48.795],[5.79,48.803],[5.778,48.8],[5.763,48.794],[5.758,48.801],[5.781,48.835],[5.776,48.856],[5.769,48.86],[5.765,48.873],[5.778,48.876],[5.787,48.878],[5.757,48.91],[5.757,48.913],[5.753,48.913],[5.747,48.916],[5.779,48.925],[5.8,48.946],[5.817,48.943],[5.847,48.952],[5.849,48.961],[5.818,48.98],[5.805,48.984],[5.813,49.005],[5.829,49.027],[5.854,49.041],[5.836,49.066],[5.806,49.064],[5.808,49.076],[5.819,49.086],[5.818,49.111],[5.837,49.12],[5.855,49.106],[5.898,49.11],[5.931,49.109],[5.948,49.109],[6.006,49.113],[6.002,49.116],[5.984,49.142],[5.999,49.156],[6.011,49.153],[6.031,49.168],[5.985,49.185],[5.979,49.193],[5.979,49.195],[5.988,49.21],[6.003,49.209],[6.01,49.222],[6.031,49.233],[6.028,49.233],[6.01,49.266],[6.01,49.272],[6.004,49.288],[5.997,49.314],[5.986,49.305],[5.943,49.341],[5.978,49.345],[5.956,49.362],[5.986,49.378],[5.975,49.391],[5.953,49.406],[5.985,49.43],[6.015,49.417],[6.033,49.43],[6.039,49.428],[6.039,49.411],[6.079,49.397],[6.094,49.414],[6.128,49.409],[6.142,49.392],[6.17,49.393],[6.175,49.415],[6.233,49.389],[6.251,49.394],[6.272,49.367],[6.242,49.358],[6.258,49.351],[6.228,49.336],[6.217,49.33],[6.212,49.329],[6.174,49.318],[6.165,49.302],[6.166,49.301],[6.184,49.286],[6.181,49.273],[6.194,49.261],[6.207,49.259],[6.211,49.249],[6.24,49.254],[6.262,49.273],[6.28,49.263],[6.285,49.258],[6.29,49.229],[6.324,49.225],[6.34,49.24],[6.38,49.258],[6.397,49.26],[6.389,49.254],[6.416,49.261],[6.448,49.25],[6.458,49.257],[6.483,49.256],[6.482,49.251],[6.5,49.246],[6.527,49.257],[6.532,49.26],[6.535,49.259],[6.539,49.252],[6.563,49.246],[6.571,49.246],[6.584,49.261],[6.564,49.271],[6.568,49.288],[6.576,49.291],[6.585,49.296],[6.585,49.298],[6.622,49.29],[6.632,49.296],[6.654,49.281],[6.662,49.257],[6.686,49.244],[6.657,49.232],[6.631,49.207],[6.619,49.207],[6.604,49.181],[6.595,49.176],[6.585,49.175],[6.583,49.164],[6.599,49.152],[6.585,49.143],[6.566,49.143],[6.567,49.135],[6.54,49.125],[6.526,49.136],[6.504,49.115],[6.505,49.111],[6.496,49.104],[6.496,49.085],[6.483,49.073],[6.483,49.067],[6.489,49.064],[6.449,49.053],[6.453,49.033],[6.448,49.029],[6.421,49.038],[6.4,49.023],[6.424,49.017],[6.432,49.008],[6.433,48.996],[6.439,48.986],[6.423,48.984],[6.416,48.965],[6.414,48.955],[6.409,48.944],[6.385,48.925],[6.383,48.924],[6.378,48.928],[6.373,48.942],[6.355,48.943],[6.336,48.929],[6.344,48.921],[6.33,48.906],[6.328,48.905],[6.311,48.921],[6.288,48.916],[6.288,48.928],[6.277,48.928],[6.271,48.933],[6.263,48.934],[6.237,48.925],[6.206,48.939],[6.206,48.938],[6.165,48.942],[6.15,48.933],[6.147,48.933],[6.123,48.949],[6.1,48.969],[6.082,48.963],[6.079,48.965],[6.065,48.981],[6.043,48.977],[6.043,49.002]]],[[[6.684,49.133],[6.642,49.141],[6.652,49.145],[6.637,49.163],[6.669,49.183],[6.677,49.189],[6.714,49.179],[6.72,49.176],[6.729,49.169],[6.748,49.166],[6.773,49.167],[6.775,49.145],[6.761,49.119],[6.789,49.106],[6.803,49.092],[6.812,49.08],[6.813,49.079],[6.818,49.069],[6.803,49.06],[6.83,49.057],[6.828,49.043],[6.831,49.043],[6.856,49.046],[6.861,49.013],[6.882,49.008],[6.88,48.998],[6.892,48.987],[6.895,48.982],[6.857,48.978],[6.832,48.961],[6.827,48.978],[6.812,48.974],[6.802,48.993],[6.789,48.991],[6.768,48.97],[6.774,48.958],[6.72,48.944],[6.713,48.947],[6.692,48.938],[6.703,48.921],[6.681,48.912],[6.668,48.913],[6.649,48.9],[6.636,48.906],[6.605,48.913],[6.601,48.923],[6.596,48.932],[6.586,48.93],[6.561,48.953],[6.537,48.94],[6.534,48.959],[6.545,48.975],[6.551,48.979],[6.565,48.971],[6.579,48.982],[6.58,48.989],[6.587,48.997],[6.59,48.997],[6.611,48.994],[6.63,49.012],[6.649,49.003],[6.657,49.003],[6.647,49.03],[6.665,49.041],[6.697,49.038],[6.699,49.05],[6.659,49.078],[6.659,49.089],[6.64,49.097],[6.698,49.11],[6.684,49.133]]]]}},{"type":"Feature","properties":{"code":"200027548","nom":"CC des Savanes","Agence d'urbanisme":"AUDeG","SCoT":"0","Territoires partagés":0,"Agence d'urbansime - 1":null,"Agence d'urbanisme - 3":null,"epcis":[]},"geometry":{"type":"MultiPolygon","coordinates":[[[[-51.635,4.176],[-51.638,4.133],[-51.656,4.054],[-51.676,4.036],[-51.746,4.001],[-51.782,3.964],[-51.781,3.925],[-51.799,3.887],[-51.823,3.859],[-51.856,3.833],[-51.874,3.803],[-51.898,3.798],[-51.927,3.767],[-51.916,3.746],[-51.925,3.722],[-51.956,3.72],[-51.973,3.705],[-51.993,3.643],[-51.989,3.627],[-52.019,3.594],[-52.044,3.551],[-52.061,3.519],[-52.087,3.49],[-52.095,3.462],[-52.122,3.424],[-52.177,3.327],[-52.189,3.302],[-52.234,3.241],[-52.25,3.251],[-52.292,3.226],[-52.303,3.2],[-52.299,3.178],[-52.329,3.167],[-52.351,3.123],[-52.345,3.098],[-52.328,3.071],[-52.362,3.017],[-52.371,2.976],[-52.395,2.931],[-52.39,2.898],[-52.42,2.893],[-52.445,2.85],[-52.478,2.782],[-52.475,2.763],[-52.507,2.699],[-52.52,2.682],[-52.529,2.652],[-52.556,2.64],[-52.542,2.622],[-52.527,2.582],[-52.561,2.547],[-52.552,2.521],[-52.565,2.516],[-52.598,2.475],[-52.617,2.476],[-52.616,2.446],[-52.637,2.445],[-52.657,2.404],[-52.661,2.374],[-52.71,2.359],[-52.717,2.344],[-52.778,2.318],[-52.804,2.3],[-52.842,2.291],[-52.854,2.264],[-52.873,2.247],[-52.904,2.191],[-52.988,2.168],[-52.997,2.177],[-53.053,2.19],[-53.074,2.219],[-53.102,2.226],[-53.21,2.211],[-53.224,2.201],[-53.245,2.211],[-53.263,2.189],[-53.277,2.195],[-53.252,2.241],[-53.227,2.264],[-53.256,2.27],[-53.26,2.286],[-53.297,2.305],[-53.317,2.34],[-53.341,2.352],[-53.356,2.348],[-53.372,2.313],[-53.4,2.305],[-53.412,2.287],[-53.431,2.289],[-53.454,2.258],[-53.484,2.262],[-53.547,2.253],[-53.56,2.265],[-53.6,2.279],[-53.657,2.279],[-53.654,2.298],[-53.692,2.308],[-53.729,2.311],[-53.748,2.32],[-53.726,2.339],[-53.743,2.369],[-53.766,2.376],[-53.797,2.361],[-53.81,2.341],[-53.835,2.332],[-53.813,2.312],[-53.838,2.302],[-53.883,2.309],[-53.885,2.275],[-53.915,2.262],[-53.941,2.259],[-53.933,2.237],[-53.94,2.221],[-53.99,2.209],[-54.016,2.183],[-54.046,2.187],[-54.065,2.197],[-54.093,2.14],[-54.112,2.118],[-54.142,2.113],[-54.168,2.129],[-54.19,2.171],[-54.224,2.15],[-54.258,2.154],[-54.267,2.144],[-54.311,2.157],[-54.342,2.152],[-54.363,2.18],[-54.363,2.212],[-54.397,2.197],[-54.449,2.204],[-54.478,2.216],[-54.496,2.233],[-54.505,2.255],[-54.536,2.261],[-54.527,2.279],[-54.543,2.327],[-54.587,2.322],[-54.602,2.337],[-54.59,2.352],[-54.57,2.354],[-54.51,2.337],[-54.505,2.391],[-54.486,2.412],[-54.475,2.436],[-54.437,2.43],[-54.42,2.436],[-54.37,2.509],[-54.353,2.519],[-54.343,2.563],[-54.328,2.587],[-54.308,2.642],[-54.275,2.675],[-54.264,2.724],[-54.223,2.754],[-54.198,2.804],[-54.208,2.831],[-54.186,2.837],[-54.181,2.865],[-54.195,2.885],[-54.173,2.938],[-54.176,2.975],[-54.185,2.998],[-54.17,3.016],[-54.195,3.065],[-54.173,3.078],[-54.179,3.123],[-54.211,3.128],[-54.214,3.151],[-54.189,3.206],[-54.175,3.206],[-54.136,3.266],[-54.122,3.272],[-54.1,3.3],[-54.081,3.292],[-54.067,3.324],[-54.05,3.386],[-54.022,3.411],[-54.017,3.458],[-54.008,3.466],[-54.006,3.57],[-53.986,3.582],[-53.98,3.607],[-54.005,3.647],[-54.027,3.634],[-54.05,3.634],[-54.05,3.651],[-54.078,3.67],[-54.087,3.691],[-54.079,3.708],[-54.099,3.745],[-54.13,3.8],[-54.168,3.805],[-54.191,3.801],[-54.201,3.822],[-54.195,3.851],[-54.234,3.858],[-54.252,3.899],[-54.282,3.928],[-54.299,3.996],[-54.326,4.019],[-54.341,4.042],[-54.356,4.046],[-54.343,4.089],[-54.342,4.12],[-54.323,4.135],[-54.323,4.146],[-54.349,4.169],[-54.388,4.181],[-54.397,4.206],[-54.382,4.262],[-54.394,4.305],[-54.386,4.35],[-54.395,4.365],[-54.427,4.373],[-54.427,4.414],[-54.441,4.435],[-54.432,4.464],[-54.449,4.526],[-54.439,4.543],[-54.42,4.547],[-54.411,4.578],[-54.417,4.613],[-54.432,4.64],[-54.428,4.674],[-54.417,4.702],[-54.421,4.717],[-54.456,4.724],[-54.466,4.743],[-54.46,4.783],[-54.467,4.813],[-54.469,4.89],[-54.479,4.901],[-54.44,4.952],[-54.443,4.982],[-54.438,5.016],[-54.416,5.063],[-54.416,5.083],[-54.372,5.111],[-54.365,5.137],[-54.35,5.145],[-54.31,5.223],[-54.263,5.276],[-54.227,5.299],[-54.21,5.302],[-54.153,5.358],[-54.113,5.421],[-54.097,5.428],[-54.089,5.448],[-54.063,5.485],[-54.022,5.52],[-54.008,5.557],[-54.014,5.592],[-54.027,5.624],[-54.013,5.644],[-54.013,5.663],[-53.988,5.715],[-53.969,5.738],[-53.931,5.749],[-53.883,5.747],[-53.824,5.72],[-53.822,5.726],[-53.82,5.732],[-53.744,5.695],[-53.691,5.652],[-53.61,5.612],[-53.569,5.604],[-53.468,5.562],[-53.434,5.556],[-53.352,5.527],[-53.318,5.523],[-53.224,5.492],[-53.13,5.448],[-53.08,5.428],[-53.069,5.431],[-53.045,5.449],[-52.998,5.43],[-52.883,5.358],[-52.859,5.348],[-52.841,5.321],[-52.827,5.323],[-52.807,5.306],[-52.781,5.29],[-52.717,5.233],[-52.666,5.2],[-52.639,5.168],[-52.633,5.149],[-52.572,5.096],[-52.521,5.054],[-52.467,5.017],[-52.423,4.979],[-52.378,4.932],[-52.367,4.907],[-52.34,4.916],[-52.338,4.937],[-52.301,4.951],[-52.28,4.931],[-52.263,4.914],[-52.261,4.897],[-52.244,4.878],[-52.256,4.858],[-52.29,4.849],[-52.296,4.824],[-52.22,4.841],[-52.181,4.816],[-52.168,4.777],[-52.158,4.781],[-52.118,4.751],[-52.095,4.704],[-52.063,4.678],[-52.05,4.686],[-52.017,4.668],[-51.99,4.596],[-51.956,4.534],[-51.956,4.489],[-51.948,4.452],[-51.949,4.411],[-51.933,4.407],[-51.924,4.435],[-51.929,4.536],[-51.927,4.584],[-51.932,4.649],[-51.922,4.681],[-51.883,4.679],[-51.84,4.656],[-51.798,4.612],[-51.787,4.576],[-51.778,4.49],[-51.751,4.447],[-51.756,4.425],[-51.729,4.397],[-51.703,4.39],[-51.719,4.354],[-51.703,4.297],[-51.68,4.262],[-51.641,4.213],[-51.626,4.195],[-51.635,4.176]]]]}}]}